surface_profile,direction_mode,feature_name,n,mean,std,min,max
factory_prepolish,cross_xy,inspection_pass_norm,16,0.0,0.0,0.0,0.0
factory_prepolish,cross_xy,gu_shortfall_norm,16,0.05127349914982915,0.10356377469248028,0.0,0.39944037795066833
factory_prepolish,cross_xy,ra_excess_norm,16,0.0,0.0,0.0,0.0
factory_prepolish,cross_xy,rz_excess_norm,16,0.0,0.0,0.0,0.0
factory_prepolish,cross_xy,clearcoat_margin_norm,16,0.6312772743403912,0.04421192981332131,0.5443573594093323,0.7188140749931335
factory_prepolish,cross_xy,center_edge_removal_delta_norm,16,0.0,0.0,0.0,0.0
factory_prepolish,cross_xy,tile_scratch_max_um_x0_y0_norm,16,0.0315058808773756,0.08382392387644516,0.0,0.2770440876483917
factory_prepolish,cross_xy,tile_scratch_max_um_x0_y1_norm,16,0.0,0.0,0.0,0.0
factory_prepolish,cross_xy,tile_scratch_max_um_x0_y2_norm,16,0.009450817480683327,0.03660285871073246,0.0,0.15121307969093323
factory_prepolish,cross_xy,tile_scratch_max_um_x0_y3_norm,16,0.0,0.0,0.0,0.0
factory_prepolish,cross_xy,tile_scratch_max_um_x0_y4_norm,16,0.012579112313687801,0.0487186925009855,0.0,0.20126579701900482
factory_prepolish,cross_xy,tile_scratch_max_um_x1_y0_norm,16,0.0006722137331962585,0.002603472593761025,0.0,0.010755419731140137
factory_prepolish,cross_xy,tile_scratch_max_um_x1_y1_norm,16,0.0064423768781125546,0.02495121835892165,0.0,0.10307803004980087
factory_prepolish,cross_xy,tile_scratch_max_um_x1_y2_norm,16,0.004424673039466143,0.017136684994265322,0.0,0.07079476863145828
factory_prepolish,cross_xy,tile_scratch_max_um_x1_y3_norm,16,0.0,0.0,0.0,0.0
factory_prepolish,cross_xy,tile_scratch_max_um_x1_y4_norm,16,0.0,0.0,0.0,0.0
factory_prepolish,cross_xy,tile_scratch_max_um_x2_y0_norm,16,0.0,0.0,0.0,0.0
factory_prepolish,cross_xy,tile_scratch_max_um_x2_y1_norm,16,0.006234342698007822,0.02414550544393411,0.0,0.09974948316812515
factory_prepolish,cross_xy,tile_scratch_max_um_x2_y2_norm,16,0.02545151114463806,0.06760660704089391,0.0,0.22062911093235016
factory_prepolish,cross_xy,tile_scratch_max_um_x2_y3_norm,16,0.0,0.0,0.0,0.0
factory_prepolish,cross_xy,tile_scratch_max_um_x2_y4_norm,16,0.0,0.0,0.0,0.0
factory_prepolish,cross_xy,tile_scratch_max_um_x3_y0_norm,16,0.04112540977075696,0.07664704299734627,0.0,0.22475770115852356
factory_prepolish,cross_xy,tile_scratch_max_um_x3_y1_norm,16,0.005400828085839748,0.020917317232186625,0.0,0.08641324937343597
factory_prepolish,cross_xy,tile_scratch_max_um_x3_y2_norm,16,0.0494281193241477,0.09151800175760345,0.0,0.25541752576828003
factory_prepolish,cross_xy,tile_scratch_max_um_x3_y3_norm,16,0.03257904201745987,0.08649210715822142,0.0,0.2808564305305481
factory_prepolish,cross_xy,tile_scratch_max_um_x3_y4_norm,16,0.0030638468451797962,0.011866227806711484,0.0,0.04902154952287674
factory_prepolish,cross_xy,tile_scratch_max_um_x4_y0_norm,16,0.02520663384348154,0.06923476757437158,0.0,0.2542521059513092
factory_prepolish,cross_xy,tile_scratch_max_um_x4_y1_norm,16,0.026361223310232162,0.07243685507793753,0.0,0.26622146368026733
factory_prepolish,cross_xy,tile_scratch_max_um_x4_y2_norm,16,0.035610001534223557,0.0758684115527977,0.0,0.2426871508359909
factory_prepolish,cross_xy,tile_scratch_max_um_x4_y3_norm,16,0.01672304794192314,0.06476808617689654,0.0,0.26756876707077026
factory_prepolish,cross_xy,tile_scratch_max_um_x4_y4_norm,16,0.0,0.0,0.0,0.0
factory_prepolish,cross_xy,tile_removal_mean_um_x0_y0_norm,16,0.0,0.0,0.0,0.0
factory_prepolish,cross_xy,tile_removal_mean_um_x0_y1_norm,16,0.0,0.0,0.0,0.0
factory_prepolish,cross_xy,tile_removal_mean_um_x0_y2_norm,16,0.0,0.0,0.0,0.0
factory_prepolish,cross_xy,tile_removal_mean_um_x0_y3_norm,16,0.0,0.0,0.0,0.0
factory_prepolish,cross_xy,tile_removal_mean_um_x0_y4_norm,16,0.0,0.0,0.0,0.0
factory_prepolish,cross_xy,tile_removal_mean_um_x1_y0_norm,16,0.0,0.0,0.0,0.0
factory_prepolish,cross_xy,tile_removal_mean_um_x1_y1_norm,16,0.0,0.0,0.0,0.0
factory_prepolish,cross_xy,tile_removal_mean_um_x1_y2_norm,16,0.0,0.0,0.0,0.0
factory_prepolish,cross_xy,tile_removal_mean_um_x1_y3_norm,16,0.0,0.0,0.0,0.0
factory_prepolish,cross_xy,tile_removal_mean_um_x1_y4_norm,16,0.0,0.0,0.0,0.0
factory_prepolish,cross_xy,tile_removal_mean_um_x2_y0_norm,16,0.0,0.0,0.0,0.0
factory_prepolish,cross_xy,tile_removal_mean_um_x2_y1_norm,16,0.0,0.0,0.0,0.0
factory_prepolish,cross_xy,tile_removal_mean_um_x2_y2_norm,16,0.0,0.0,0.0,0.0
factory_prepolish,cross_xy,tile_removal_mean_um_x2_y3_norm,16,0.0,0.0,0.0,0.0
factory_prepolish,cross_xy,tile_removal_mean_um_x2_y4_norm,16,0.0,0.0,0.0,0.0
factory_prepolish,cross_xy,tile_removal_mean_um_x3_y0_norm,16,0.0,0.0,0.0,0.0
factory_prepolish,cross_xy,tile_removal_mean_um_x3_y1_norm,16,0.0,0.0,0.0,0.0
factory_prepolish,cross_xy,tile_removal_mean_um_x3_y2_norm,16,0.0,0.0,0.0,0.0
factory_prepolish,cross_xy,tile_removal_mean_um_x3_y3_norm,16,0.0,0.0,0.0,0.0
factory_prepolish,cross_xy,tile_removal_mean_um_x3_y4_norm,16,0.0,0.0,0.0,0.0
factory_prepolish,cross_xy,tile_removal_mean_um_x4_y0_norm,16,0.0,0.0,0.0,0.0
factory_prepolish,cross_xy,tile_removal_mean_um_x4_y1_norm,16,0.0,0.0,0.0,0.0
factory_prepolish,cross_xy,tile_removal_mean_um_x4_y2_norm,16,0.0,0.0,0.0,0.0
factory_prepolish,cross_xy,tile_removal_mean_um_x4_y3_norm,16,0.0,0.0,0.0,0.0
factory_prepolish,cross_xy,tile_removal_mean_um_x4_y4_norm,16,0.0,0.0,0.0,0.0
factory_prepolish,cross_xy,tile_under_fraction_x0_y0_norm,16,0.0,0.0,0.0,0.0
factory_prepolish,cross_xy,tile_under_fraction_x0_y1_norm,16,0.0,0.0,0.0,0.0
factory_prepolish,cross_xy,tile_under_fraction_x0_y2_norm,16,0.0,0.0,0.0,0.0
factory_prepolish,cross_xy,tile_under_fraction_x0_y3_norm,16,0.0,0.0,0.0,0.0
factory_prepolish,cross_xy,tile_under_fraction_x0_y4_norm,16,0.0,0.0,0.0,0.0
factory_prepolish,cross_xy,tile_under_fraction_x1_y0_norm,16,0.0,0.0,0.0,0.0
factory_prepolish,cross_xy,tile_under_fraction_x1_y1_norm,16,0.0,0.0,0.0,0.0
factory_prepolish,cross_xy,tile_under_fraction_x1_y2_norm,16,0.0,0.0,0.0,0.0
factory_prepolish,cross_xy,tile_under_fraction_x1_y3_norm,16,0.0,0.0,0.0,0.0
factory_prepolish,cross_xy,tile_under_fraction_x1_y4_norm,16,0.0,0.0,0.0,0.0
factory_prepolish,cross_xy,tile_under_fraction_x2_y0_norm,16,0.0,0.0,0.0,0.0
factory_prepolish,cross_xy,tile_under_fraction_x2_y1_norm,16,0.0,0.0,0.0,0.0
factory_prepolish,cross_xy,tile_under_fraction_x2_y2_norm,16,0.0,0.0,0.0,0.0
factory_prepolish,cross_xy,tile_under_fraction_x2_y3_norm,16,0.0,0.0,0.0,0.0
factory_prepolish,cross_xy,tile_under_fraction_x2_y4_norm,16,0.0,0.0,0.0,0.0
factory_prepolish,cross_xy,tile_under_fraction_x3_y0_norm,16,0.0,0.0,0.0,0.0
factory_prepolish,cross_xy,tile_under_fraction_x3_y1_norm,16,0.0,0.0,0.0,0.0
factory_prepolish,cross_xy,tile_under_fraction_x3_y2_norm,16,0.0,0.0,0.0,0.0
factory_prepolish,cross_xy,tile_under_fraction_x3_y3_norm,16,0.0,0.0,0.0,0.0
factory_prepolish,cross_xy,tile_under_fraction_x3_y4_norm,16,0.0,0.0,0.0,0.0
factory_prepolish,cross_xy,tile_under_fraction_x4_y0_norm,16,0.0,0.0,0.0,0.0
factory_prepolish,cross_xy,tile_under_fraction_x4_y1_norm,16,0.0,0.0,0.0,0.0
factory_prepolish,cross_xy,tile_under_fraction_x4_y2_norm,16,0.0,0.0,0.0,0.0
factory_prepolish,cross_xy,tile_under_fraction_x4_y3_norm,16,0.0,0.0,0.0,0.0
factory_prepolish,cross_xy,tile_under_fraction_x4_y4_norm,16,0.0,0.0,0.0,0.0
factory_prepolish,cross_xy,tile_over_fraction_x0_y0_norm,16,0.0,0.0,0.0,0.0
factory_prepolish,cross_xy,tile_over_fraction_x0_y1_norm,16,0.0,0.0,0.0,0.0
factory_prepolish,cross_xy,tile_over_fraction_x0_y2_norm,16,0.0,0.0,0.0,0.0
factory_prepolish,cross_xy,tile_over_fraction_x0_y3_norm,16,0.0,0.0,0.0,0.0
factory_prepolish,cross_xy,tile_over_fraction_x0_y4_norm,16,0.0,0.0,0.0,0.0
factory_prepolish,cross_xy,tile_over_fraction_x1_y0_norm,16,0.0,0.0,0.0,0.0
factory_prepolish,cross_xy,tile_over_fraction_x1_y1_norm,16,0.0,0.0,0.0,0.0
factory_prepolish,cross_xy,tile_over_fraction_x1_y2_norm,16,0.0,0.0,0.0,0.0
factory_prepolish,cross_xy,tile_over_fraction_x1_y3_norm,16,0.0,0.0,0.0,0.0
factory_prepolish,cross_xy,tile_over_fraction_x1_y4_norm,16,0.0,0.0,0.0,0.0
factory_prepolish,cross_xy,tile_over_fraction_x2_y0_norm,16,0.0,0.0,0.0,0.0
factory_prepolish,cross_xy,tile_over_fraction_x2_y1_norm,16,0.0,0.0,0.0,0.0
factory_prepolish,cross_xy,tile_over_fraction_x2_y2_norm,16,0.0,0.0,0.0,0.0
factory_prepolish,cross_xy,tile_over_fraction_x2_y3_norm,16,0.0,0.0,0.0,0.0
factory_prepolish,cross_xy,tile_over_fraction_x2_y4_norm,16,0.0,0.0,0.0,0.0
factory_prepolish,cross_xy,tile_over_fraction_x3_y0_norm,16,0.0,0.0,0.0,0.0
factory_prepolish,cross_xy,tile_over_fraction_x3_y1_norm,16,0.0,0.0,0.0,0.0
factory_prepolish,cross_xy,tile_over_fraction_x3_y2_norm,16,0.0,0.0,0.0,0.0
factory_prepolish,cross_xy,tile_over_fraction_x3_y3_norm,16,0.0,0.0,0.0,0.0
factory_prepolish,cross_xy,tile_over_fraction_x3_y4_norm,16,0.0,0.0,0.0,0.0
factory_prepolish,cross_xy,tile_over_fraction_x4_y0_norm,16,0.0,0.0,0.0,0.0
factory_prepolish,cross_xy,tile_over_fraction_x4_y1_norm,16,0.0,0.0,0.0,0.0
factory_prepolish,cross_xy,tile_over_fraction_x4_y2_norm,16,0.0,0.0,0.0,0.0
factory_prepolish,cross_xy,tile_over_fraction_x4_y3_norm,16,0.0,0.0,0.0,0.0
factory_prepolish,cross_xy,tile_over_fraction_x4_y4_norm,16,0.0,0.0,0.0,0.0
factory_prepolish,same_xx,inspection_pass_norm,16,0.0,0.0,0.0,0.0
factory_prepolish,same_xx,gu_shortfall_norm,16,0.05127349914982915,0.10356377469248028,0.0,0.39944037795066833
factory_prepolish,same_xx,ra_excess_norm,16,0.0,0.0,0.0,0.0
factory_prepolish,same_xx,rz_excess_norm,16,0.0,0.0,0.0,0.0
factory_prepolish,same_xx,clearcoat_margin_norm,16,0.6312772743403912,0.04421192981332131,0.5443573594093323,0.7188140749931335
factory_prepolish,same_xx,center_edge_removal_delta_norm,16,0.0,0.0,0.0,0.0
factory_prepolish,same_xx,tile_scratch_max_um_x0_y0_norm,16,0.0315058808773756,0.08382392387644516,0.0,0.2770440876483917
factory_prepolish,same_xx,tile_scratch_max_um_x0_y1_norm,16,0.0,0.0,0.0,0.0
factory_prepolish,same_xx,tile_scratch_max_um_x0_y2_norm,16,0.009450817480683327,0.03660285871073246,0.0,0.15121307969093323
factory_prepolish,same_xx,tile_scratch_max_um_x0_y3_norm,16,0.0,0.0,0.0,0.0
factory_prepolish,same_xx,tile_scratch_max_um_x0_y4_norm,16,0.012579112313687801,0.0487186925009855,0.0,0.20126579701900482
factory_prepolish,same_xx,tile_scratch_max_um_x1_y0_norm,16,0.0006722137331962585,0.002603472593761025,0.0,0.010755419731140137
factory_prepolish,same_xx,tile_scratch_max_um_x1_y1_norm,16,0.0064423768781125546,0.02495121835892165,0.0,0.10307803004980087
factory_prepolish,same_xx,tile_scratch_max_um_x1_y2_norm,16,0.004424673039466143,0.017136684994265322,0.0,0.07079476863145828
factory_prepolish,same_xx,tile_scratch_max_um_x1_y3_norm,16,0.0,0.0,0.0,0.0
factory_prepolish,same_xx,tile_scratch_max_um_x1_y4_norm,16,0.0,0.0,0.0,0.0
factory_prepolish,same_xx,tile_scratch_max_um_x2_y0_norm,16,0.0,0.0,0.0,0.0
factory_prepolish,same_xx,tile_scratch_max_um_x2_y1_norm,16,0.006234342698007822,0.02414550544393411,0.0,0.09974948316812515
factory_prepolish,same_xx,tile_scratch_max_um_x2_y2_norm,16,0.02545151114463806,0.06760660704089391,0.0,0.22062911093235016
factory_prepolish,same_xx,tile_scratch_max_um_x2_y3_norm,16,0.0,0.0,0.0,0.0
factory_prepolish,same_xx,tile_scratch_max_um_x2_y4_norm,16,0.0,0.0,0.0,0.0
factory_prepolish,same_xx,tile_scratch_max_um_x3_y0_norm,16,0.04112540977075696,0.07664704299734627,0.0,0.22475770115852356
factory_prepolish,same_xx,tile_scratch_max_um_x3_y1_norm,16,0.005400828085839748,0.020917317232186625,0.0,0.08641324937343597
factory_prepolish,same_xx,tile_scratch_max_um_x3_y2_norm,16,0.0494281193241477,0.09151800175760345,0.0,0.25541752576828003
factory_prepolish,same_xx,tile_scratch_max_um_x3_y3_norm,16,0.03257904201745987,0.08649210715822142,0.0,0.2808564305305481
factory_prepolish,same_xx,tile_scratch_max_um_x3_y4_norm,16,0.0030638468451797962,0.011866227806711484,0.0,0.04902154952287674
factory_prepolish,same_xx,tile_scratch_max_um_x4_y0_norm,16,0.02520663384348154,0.06923476757437158,0.0,0.2542521059513092
factory_prepolish,same_xx,tile_scratch_max_um_x4_y1_norm,16,0.026361223310232162,0.07243685507793753,0.0,0.26622146368026733
factory_prepolish,same_xx,tile_scratch_max_um_x4_y2_norm,16,0.035610001534223557,0.0758684115527977,0.0,0.2426871508359909
factory_prepolish,same_xx,tile_scratch_max_um_x4_y3_norm,16,0.01672304794192314,0.06476808617689654,0.0,0.26756876707077026
factory_prepolish,same_xx,tile_scratch_max_um_x4_y4_norm,16,0.0,0.0,0.0,0.0
factory_prepolish,same_xx,tile_removal_mean_um_x0_y0_norm,16,0.0,0.0,0.0,0.0
factory_prepolish,same_xx,tile_removal_mean_um_x0_y1_norm,16,0.0,0.0,0.0,0.0
factory_prepolish,same_xx,tile_removal_mean_um_x0_y2_norm,16,0.0,0.0,0.0,0.0
factory_prepolish,same_xx,tile_removal_mean_um_x0_y3_norm,16,0.0,0.0,0.0,0.0
factory_prepolish,same_xx,tile_removal_mean_um_x0_y4_norm,16,0.0,0.0,0.0,0.0
factory_prepolish,same_xx,tile_removal_mean_um_x1_y0_norm,16,0.0,0.0,0.0,0.0
factory_prepolish,same_xx,tile_removal_mean_um_x1_y1_norm,16,0.0,0.0,0.0,0.0
factory_prepolish,same_xx,tile_removal_mean_um_x1_y2_norm,16,0.0,0.0,0.0,0.0
factory_prepolish,same_xx,tile_removal_mean_um_x1_y3_norm,16,0.0,0.0,0.0,0.0
factory_prepolish,same_xx,tile_removal_mean_um_x1_y4_norm,16,0.0,0.0,0.0,0.0
factory_prepolish,same_xx,tile_removal_mean_um_x2_y0_norm,16,0.0,0.0,0.0,0.0
factory_prepolish,same_xx,tile_removal_mean_um_x2_y1_norm,16,0.0,0.0,0.0,0.0
factory_prepolish,same_xx,tile_removal_mean_um_x2_y2_norm,16,0.0,0.0,0.0,0.0
factory_prepolish,same_xx,tile_removal_mean_um_x2_y3_norm,16,0.0,0.0,0.0,0.0
factory_prepolish,same_xx,tile_removal_mean_um_x2_y4_norm,16,0.0,0.0,0.0,0.0
factory_prepolish,same_xx,tile_removal_mean_um_x3_y0_norm,16,0.0,0.0,0.0,0.0
factory_prepolish,same_xx,tile_removal_mean_um_x3_y1_norm,16,0.0,0.0,0.0,0.0
factory_prepolish,same_xx,tile_removal_mean_um_x3_y2_norm,16,0.0,0.0,0.0,0.0
factory_prepolish,same_xx,tile_removal_mean_um_x3_y3_norm,16,0.0,0.0,0.0,0.0
factory_prepolish,same_xx,tile_removal_mean_um_x3_y4_norm,16,0.0,0.0,0.0,0.0
factory_prepolish,same_xx,tile_removal_mean_um_x4_y0_norm,16,0.0,0.0,0.0,0.0
factory_prepolish,same_xx,tile_removal_mean_um_x4_y1_norm,16,0.0,0.0,0.0,0.0
factory_prepolish,same_xx,tile_removal_mean_um_x4_y2_norm,16,0.0,0.0,0.0,0.0
factory_prepolish,same_xx,tile_removal_mean_um_x4_y3_norm,16,0.0,0.0,0.0,0.0
factory_prepolish,same_xx,tile_removal_mean_um_x4_y4_norm,16,0.0,0.0,0.0,0.0
factory_prepolish,same_xx,tile_under_fraction_x0_y0_norm,16,0.0,0.0,0.0,0.0
factory_prepolish,same_xx,tile_under_fraction_x0_y1_norm,16,0.0,0.0,0.0,0.0
factory_prepolish,same_xx,tile_under_fraction_x0_y2_norm,16,0.0,0.0,0.0,0.0
factory_prepolish,same_xx,tile_under_fraction_x0_y3_norm,16,0.0,0.0,0.0,0.0
factory_prepolish,same_xx,tile_under_fraction_x0_y4_norm,16,0.0,0.0,0.0,0.0
factory_prepolish,same_xx,tile_under_fraction_x1_y0_norm,16,0.0,0.0,0.0,0.0
factory_prepolish,same_xx,tile_under_fraction_x1_y1_norm,16,0.0,0.0,0.0,0.0
factory_prepolish,same_xx,tile_under_fraction_x1_y2_norm,16,0.0,0.0,0.0,0.0
factory_prepolish,same_xx,tile_under_fraction_x1_y3_norm,16,0.0,0.0,0.0,0.0
factory_prepolish,same_xx,tile_under_fraction_x1_y4_norm,16,0.0,0.0,0.0,0.0
factory_prepolish,same_xx,tile_under_fraction_x2_y0_norm,16,0.0,0.0,0.0,0.0
factory_prepolish,same_xx,tile_under_fraction_x2_y1_norm,16,0.0,0.0,0.0,0.0
factory_prepolish,same_xx,tile_under_fraction_x2_y2_norm,16,0.0,0.0,0.0,0.0
factory_prepolish,same_xx,tile_under_fraction_x2_y3_norm,16,0.0,0.0,0.0,0.0
factory_prepolish,same_xx,tile_under_fraction_x2_y4_norm,16,0.0,0.0,0.0,0.0
factory_prepolish,same_xx,tile_under_fraction_x3_y0_norm,16,0.0,0.0,0.0,0.0
factory_prepolish,same_xx,tile_under_fraction_x3_y1_norm,16,0.0,0.0,0.0,0.0
factory_prepolish,same_xx,tile_under_fraction_x3_y2_norm,16,0.0,0.0,0.0,0.0
factory_prepolish,same_xx,tile_under_fraction_x3_y3_norm,16,0.0,0.0,0.0,0.0
factory_prepolish,same_xx,tile_under_fraction_x3_y4_norm,16,0.0,0.0,0.0,0.0
factory_prepolish,same_xx,tile_under_fraction_x4_y0_norm,16,0.0,0.0,0.0,0.0
factory_prepolish,same_xx,tile_under_fraction_x4_y1_norm,16,0.0,0.0,0.0,0.0
factory_prepolish,same_xx,tile_under_fraction_x4_y2_norm,16,0.0,0.0,0.0,0.0
factory_prepolish,same_xx,tile_under_fraction_x4_y3_norm,16,0.0,0.0,0.0,0.0
factory_prepolish,same_xx,tile_under_fraction_x4_y4_norm,16,0.0,0.0,0.0,0.0
factory_prepolish,same_xx,tile_over_fraction_x0_y0_norm,16,0.0,0.0,0.0,0.0
factory_prepolish,same_xx,tile_over_fraction_x0_y1_norm,16,0.0,0.0,0.0,0.0
factory_prepolish,same_xx,tile_over_fraction_x0_y2_norm,16,0.0,0.0,0.0,0.0
factory_prepolish,same_xx,tile_over_fraction_x0_y3_norm,16,0.0,0.0,0.0,0.0
factory_prepolish,same_xx,tile_over_fraction_x0_y4_norm,16,0.0,0.0,0.0,0.0
factory_prepolish,same_xx,tile_over_fraction_x1_y0_norm,16,0.0,0.0,0.0,0.0
factory_prepolish,same_xx,tile_over_fraction_x1_y1_norm,16,0.0,0.0,0.0,0.0
factory_prepolish,same_xx,tile_over_fraction_x1_y2_norm,16,0.0,0.0,0.0,0.0
factory_prepolish,same_xx,tile_over_fraction_x1_y3_norm,16,0.0,0.0,0.0,0.0
factory_prepolish,same_xx,tile_over_fraction_x1_y4_norm,16,0.0,0.0,0.0,0.0
factory_prepolish,same_xx,tile_over_fraction_x2_y0_norm,16,0.0,0.0,0.0,0.0
factory_prepolish,same_xx,tile_over_fraction_x2_y1_norm,16,0.0,0.0,0.0,0.0
factory_prepolish,same_xx,tile_over_fraction_x2_y2_norm,16,0.0,0.0,0.0,0.0
factory_prepolish,same_xx,tile_over_fraction_x2_y3_norm,16,0.0,0.0,0.0,0.0
factory_prepolish,same_xx,tile_over_fraction_x2_y4_norm,16,0.0,0.0,0.0,0.0
factory_prepolish,same_xx,tile_over_fraction_x3_y0_norm,16,0.0,0.0,0.0,0.0
factory_prepolish,same_xx,tile_over_fraction_x3_y1_norm,16,0.0,0.0,0.0,0.0
factory_prepolish,same_xx,tile_over_fraction_x3_y2_norm,16,0.0,0.0,0.0,0.0
factory_prepolish,same_xx,tile_over_fraction_x3_y3_norm,16,0.0,0.0,0.0,0.0
factory_prepolish,same_xx,tile_over_fraction_x3_y4_norm,16,0.0,0.0,0.0,0.0
factory_prepolish,same_xx,tile_over_fraction_x4_y0_norm,16,0.0,0.0,0.0,0.0
factory_prepolish,same_xx,tile_over_fraction_x4_y1_norm,16,0.0,0.0,0.0,0.0
factory_prepolish,same_xx,tile_over_fraction_x4_y2_norm,16,0.0,0.0,0.0,0.0
factory_prepolish,same_xx,tile_over_fraction_x4_y3_norm,16,0.0,0.0,0.0,0.0
factory_prepolish,same_xx,tile_over_fraction_x4_y4_norm,16,0.0,0.0,0.0,0.0
factory_prepolish_deep_defect,cross_xy,inspection_pass_norm,16,0.0,0.0,0.0,0.0
factory_prepolish_deep_defect,cross_xy,gu_shortfall_norm,16,0.12230819975957274,0.19059974177057487,0.0,0.6157668828964233
factory_prepolish_deep_defect,cross_xy,ra_excess_norm,16,0.0,0.0,0.0,0.0
factory_prepolish_deep_defect,cross_xy,rz_excess_norm,16,0.0,0.0,0.0,0.0
factory_prepolish_deep_defect,cross_xy,clearcoat_margin_norm,16,0.6312772743403912,0.04421192981332131,0.5443573594093323,0.7188140749931335
factory_prepolish_deep_defect,cross_xy,center_edge_removal_delta_norm,16,0.0,0.0,0.0,0.0
factory_prepolish_deep_defect,cross_xy,tile_scratch_max_um_x0_y0_norm,16,0.03792422264814377,0.10390511603388802,0.0,0.3797375559806824
factory_prepolish_deep_defect,cross_xy,tile_scratch_max_um_x0_y1_norm,16,0.02684188261628151,0.10395816435371265,0.0,0.42947012186050415
factory_prepolish_deep_defect,cross_xy,tile_scratch_max_um_x0_y2_norm,16,0.08235266990959644,0.15214642957771235,0.0,0.4286375939846039
factory_prepolish_deep_defect,cross_xy,tile_scratch_max_um_x0_y3_norm,16,0.037197308614850044,0.10281091668280432,0.0,0.3817024827003479
factory_prepolish_deep_defect,cross_xy,tile_scratch_max_um_x0_y4_norm,16,0.012579112313687801,0.0487186925009855,0.0,0.20126579701900482
factory_prepolish_deep_defect,cross_xy,tile_scratch_max_um_x1_y0_norm,16,0.04948347806930542,0.1290247148100199,0.0,0.40557533502578735
factory_prepolish_deep_defect,cross_xy,tile_scratch_max_um_x1_y1_norm,16,0.056152216624468565,0.13149346829568853,0.0,0.4070556163787842
factory_prepolish_deep_defect,cross_xy,tile_scratch_max_um_x1_y2_norm,16,0.05958536872640252,0.14560135366942908,0.0,0.46889829635620117
factory_prepolish_deep_defect,cross_xy,tile_scratch_max_um_x1_y3_norm,16,0.024450089782476425,0.09469479054080732,0.0,0.3912014365196228
factory_prepolish_deep_defect,cross_xy,tile_scratch_max_um_x1_y4_norm,16,0.0,0.0,0.0,0.0
factory_prepolish_deep_defect,cross_xy,tile_scratch_max_um_x2_y0_norm,16,0.022417599335312843,0.0868229888876171,0.0,0.3586815893650055
factory_prepolish_deep_defect,cross_xy,tile_scratch_max_um_x2_y1_norm,16,0.02535385312512517,0.0763409815059462,0.0,0.30591216683387756
factory_prepolish_deep_defect,cross_xy,tile_scratch_max_um_x2_y2_norm,16,0.028160658897832036,0.06740060630547481,0.0,0.22062911093235016
factory_prepolish_deep_defect,cross_xy,tile_scratch_max_um_x2_y3_norm,16,0.02778428327292204,0.07408043303688783,0.0,0.24821971356868744
factory_prepolish_deep_defect,cross_xy,tile_scratch_max_um_x2_y4_norm,16,0.024503953754901886,0.0949034048089717,0.0,0.3920632600784302
factory_prepolish_deep_defect,cross_xy,tile_scratch_max_um_x3_y0_norm,16,0.0611144108697772,0.11768812928606831,0.0,0.4105347990989685
factory_prepolish_deep_defect,cross_xy,tile_scratch_max_um_x3_y1_norm,16,0.07183540239930153,0.15073584864992923,0.0,0.44108766317367554
factory_prepolish_deep_defect,cross_xy,tile_scratch_max_um_x3_y2_norm,16,0.09838640969246626,0.14529410590532907,0.0,0.4714793860912323
factory_prepolish_deep_defect,cross_xy,tile_scratch_max_um_x3_y3_norm,16,0.10438481532037258,0.15912309961145785,0.0,0.42518094182014465
factory_prepolish_deep_defect,cross_xy,tile_scratch_max_um_x3_y4_norm,16,0.026573479641228914,0.0910345541368209,0.0,0.3761541247367859
factory_prepolish_deep_defect,cross_xy,tile_scratch_max_um_x4_y0_norm,16,0.0292733171954751,0.08309291522084657,0.0,0.3193190395832062
factory_prepolish_deep_defect,cross_xy,tile_scratch_max_um_x4_y1_norm,16,0.026361223310232162,0.07243685507793753,0.0,0.26622146368026733
factory_prepolish_deep_defect,cross_xy,tile_scratch_max_um_x4_y2_norm,16,0.09547016210854053,0.13328151520083165,0.0,0.40831607580184937
factory_prepolish_deep_defect,cross_xy,tile_scratch_max_um_x4_y3_norm,16,0.07227526977658272,0.15104457299214663,0.0,0.425518661737442
factory_prepolish_deep_defect,cross_xy,tile_scratch_max_um_x4_y4_norm,16,0.0,0.0,0.0,0.0
factory_prepolish_deep_defect,cross_xy,tile_removal_mean_um_x0_y0_norm,16,0.0,0.0,0.0,0.0
factory_prepolish_deep_defect,cross_xy,tile_removal_mean_um_x0_y1_norm,16,0.0,0.0,0.0,0.0
factory_prepolish_deep_defect,cross_xy,tile_removal_mean_um_x0_y2_norm,16,0.0,0.0,0.0,0.0
factory_prepolish_deep_defect,cross_xy,tile_removal_mean_um_x0_y3_norm,16,0.0,0.0,0.0,0.0
factory_prepolish_deep_defect,cross_xy,tile_removal_mean_um_x0_y4_norm,16,0.0,0.0,0.0,0.0
factory_prepolish_deep_defect,cross_xy,tile_removal_mean_um_x1_y0_norm,16,0.0,0.0,0.0,0.0
factory_prepolish_deep_defect,cross_xy,tile_removal_mean_um_x1_y1_norm,16,0.0,0.0,0.0,0.0
factory_prepolish_deep_defect,cross_xy,tile_removal_mean_um_x1_y2_norm,16,0.0,0.0,0.0,0.0
factory_prepolish_deep_defect,cross_xy,tile_removal_mean_um_x1_y3_norm,16,0.0,0.0,0.0,0.0
factory_prepolish_deep_defect,cross_xy,tile_removal_mean_um_x1_y4_norm,16,0.0,0.0,0.0,0.0
factory_prepolish_deep_defect,cross_xy,tile_removal_mean_um_x2_y0_norm,16,0.0,0.0,0.0,0.0
factory_prepolish_deep_defect,cross_xy,tile_removal_mean_um_x2_y1_norm,16,0.0,0.0,0.0,0.0
factory_prepolish_deep_defect,cross_xy,tile_removal_mean_um_x2_y2_norm,16,0.0,0.0,0.0,0.0
factory_prepolish_deep_defect,cross_xy,tile_removal_mean_um_x2_y3_norm,16,0.0,0.0,0.0,0.0
factory_prepolish_deep_defect,cross_xy,tile_removal_mean_um_x2_y4_norm,16,0.0,0.0,0.0,0.0
factory_prepolish_deep_defect,cross_xy,tile_removal_mean_um_x3_y0_norm,16,0.0,0.0,0.0,0.0
factory_prepolish_deep_defect,cross_xy,tile_removal_mean_um_x3_y1_norm,16,0.0,0.0,0.0,0.0
factory_prepolish_deep_defect,cross_xy,tile_removal_mean_um_x3_y2_norm,16,0.0,0.0,0.0,0.0
factory_prepolish_deep_defect,cross_xy,tile_removal_mean_um_x3_y3_norm,16,0.0,0.0,0.0,0.0
factory_prepolish_deep_defect,cross_xy,tile_removal_mean_um_x3_y4_norm,16,0.0,0.0,0.0,0.0
factory_prepolish_deep_defect,cross_xy,tile_removal_mean_um_x4_y0_norm,16,0.0,0.0,0.0,0.0
factory_prepolish_deep_defect,cross_xy,tile_removal_mean_um_x4_y1_norm,16,0.0,0.0,0.0,0.0
factory_prepolish_deep_defect,cross_xy,tile_removal_mean_um_x4_y2_norm,16,0.0,0.0,0.0,0.0
factory_prepolish_deep_defect,cross_xy,tile_removal_mean_um_x4_y3_norm,16,0.0,0.0,0.0,0.0
factory_prepolish_deep_defect,cross_xy,tile_removal_mean_um_x4_y4_norm,16,0.0,0.0,0.0,0.0
factory_prepolish_deep_defect,cross_xy,tile_under_fraction_x0_y0_norm,16,0.0,0.0,0.0,0.0
factory_prepolish_deep_defect,cross_xy,tile_under_fraction_x0_y1_norm,16,0.0,0.0,0.0,0.0
factory_prepolish_deep_defect,cross_xy,tile_under_fraction_x0_y2_norm,16,0.0,0.0,0.0,0.0
factory_prepolish_deep_defect,cross_xy,tile_under_fraction_x0_y3_norm,16,0.0,0.0,0.0,0.0
factory_prepolish_deep_defect,cross_xy,tile_under_fraction_x0_y4_norm,16,0.0,0.0,0.0,0.0
factory_prepolish_deep_defect,cross_xy,tile_under_fraction_x1_y0_norm,16,0.0,0.0,0.0,0.0
factory_prepolish_deep_defect,cross_xy,tile_under_fraction_x1_y1_norm,16,0.0,0.0,0.0,0.0
factory_prepolish_deep_defect,cross_xy,tile_under_fraction_x1_y2_norm,16,0.0,0.0,0.0,0.0
factory_prepolish_deep_defect,cross_xy,tile_under_fraction_x1_y3_norm,16,0.0,0.0,0.0,0.0
factory_prepolish_deep_defect,cross_xy,tile_under_fraction_x1_y4_norm,16,0.0,0.0,0.0,0.0
factory_prepolish_deep_defect,cross_xy,tile_under_fraction_x2_y0_norm,16,0.0,0.0,0.0,0.0
factory_prepolish_deep_defect,cross_xy,tile_under_fraction_x2_y1_norm,16,0.0,0.0,0.0,0.0
factory_prepolish_deep_defect,cross_xy,tile_under_fraction_x2_y2_norm,16,0.0,0.0,0.0,0.0
factory_prepolish_deep_defect,cross_xy,tile_under_fraction_x2_y3_norm,16,0.0,0.0,0.0,0.0
factory_prepolish_deep_defect,cross_xy,tile_under_fraction_x2_y4_norm,16,0.0,0.0,0.0,0.0
factory_prepolish_deep_defect,cross_xy,tile_under_fraction_x3_y0_norm,16,0.0,0.0,0.0,0.0
factory_prepolish_deep_defect,cross_xy,tile_under_fraction_x3_y1_norm,16,0.0,0.0,0.0,0.0
factory_prepolish_deep_defect,cross_xy,tile_under_fraction_x3_y2_norm,16,0.0,0.0,0.0,0.0
factory_prepolish_deep_defect,cross_xy,tile_under_fraction_x3_y3_norm,16,0.0,0.0,0.0,0.0
factory_prepolish_deep_defect,cross_xy,tile_under_fraction_x3_y4_norm,16,0.0,0.0,0.0,0.0
factory_prepolish_deep_defect,cross_xy,tile_under_fraction_x4_y0_norm,16,0.0,0.0,0.0,0.0
factory_prepolish_deep_defect,cross_xy,tile_under_fraction_x4_y1_norm,16,0.0,0.0,0.0,0.0
factory_prepolish_deep_defect,cross_xy,tile_under_fraction_x4_y2_norm,16,0.0,0.0,0.0,0.0
factory_prepolish_deep_defect,cross_xy,tile_under_fraction_x4_y3_norm,16,0.0,0.0,0.0,0.0
factory_prepolish_deep_defect,cross_xy,tile_under_fraction_x4_y4_norm,16,0.0,0.0,0.0,0.0
factory_prepolish_deep_defect,cross_xy,tile_over_fraction_x0_y0_norm,16,0.0,0.0,0.0,0.0
factory_prepolish_deep_defect,cross_xy,tile_over_fraction_x0_y1_norm,16,0.0,0.0,0.0,0.0
factory_prepolish_deep_defect,cross_xy,tile_over_fraction_x0_y2_norm,16,0.0,0.0,0.0,0.0
factory_prepolish_deep_defect,cross_xy,tile_over_fraction_x0_y3_norm,16,0.0,0.0,0.0,0.0
factory_prepolish_deep_defect,cross_xy,tile_over_fraction_x0_y4_norm,16,0.0,0.0,0.0,0.0
factory_prepolish_deep_defect,cross_xy,tile_over_fraction_x1_y0_norm,16,0.0,0.0,0.0,0.0
factory_prepolish_deep_defect,cross_xy,tile_over_fraction_x1_y1_norm,16,0.0,0.0,0.0,0.0
factory_prepolish_deep_defect,cross_xy,tile_over_fraction_x1_y2_norm,16,0.0,0.0,0.0,0.0
factory_prepolish_deep_defect,cross_xy,tile_over_fraction_x1_y3_norm,16,0.0,0.0,0.0,0.0
factory_prepolish_deep_defect,cross_xy,tile_over_fraction_x1_y4_norm,16,0.0,0.0,0.0,0.0
factory_prepolish_deep_defect,cross_xy,tile_over_fraction_x2_y0_norm,16,0.0,0.0,0.0,0.0
factory_prepolish_deep_defect,cross_xy,tile_over_fraction_x2_y1_norm,16,0.0,0.0,0.0,0.0
factory_prepolish_deep_defect,cross_xy,tile_over_fraction_x2_y2_norm,16,0.0,0.0,0.0,0.0
factory_prepolish_deep_defect,cross_xy,tile_over_fraction_x2_y3_norm,16,0.0,0.0,0.0,0.0
factory_prepolish_deep_defect,cross_xy,tile_over_fraction_x2_y4_norm,16,0.0,0.0,0.0,0.0
factory_prepolish_deep_defect,cross_xy,tile_over_fraction_x3_y0_norm,16,0.0,0.0,0.0,0.0
factory_prepolish_deep_defect,cross_xy,tile_over_fraction_x3_y1_norm,16,0.0,0.0,0.0,0.0
factory_prepolish_deep_defect,cross_xy,tile_over_fraction_x3_y2_norm,16,0.0,0.0,0.0,0.0
factory_prepolish_deep_defect,cross_xy,tile_over_fraction_x3_y3_norm,16,0.0,0.0,0.0,0.0
factory_prepolish_deep_defect,cross_xy,tile_over_fraction_x3_y4_norm,16,0.0,0.0,0.0,0.0
factory_prepolish_deep_defect,cross_xy,tile_over_fraction_x4_y0_norm,16,0.0,0.0,0.0,0.0
factory_prepolish_deep_defect,cross_xy,tile_over_fraction_x4_y1_norm,16,0.0,0.0,0.0,0.0
factory_prepolish_deep_defect,cross_xy,tile_over_fraction_x4_y2_norm,16,0.0,0.0,0.0,0.0
factory_prepolish_deep_defect,cross_xy,tile_over_fraction_x4_y3_norm,16,0.0,0.0,0.0,0.0
factory_prepolish_deep_defect,cross_xy,tile_over_fraction_x4_y4_norm,16,0.0,0.0,0.0,0.0
factory_prepolish_deep_defect,same_xx,inspection_pass_norm,16,0.0,0.0,0.0,0.0
factory_prepolish_deep_defect,same_xx,gu_shortfall_norm,16,0.12230819975957274,0.19059974177057487,0.0,0.6157668828964233
factory_prepolish_deep_defect,same_xx,ra_excess_norm,16,0.0,0.0,0.0,0.0
factory_prepolish_deep_defect,same_xx,rz_excess_norm,16,0.0,0.0,0.0,0.0
factory_prepolish_deep_defect,same_xx,clearcoat_margin_norm,16,0.6312772743403912,0.04421192981332131,0.5443573594093323,0.7188140749931335
factory_prepolish_deep_defect,same_xx,center_edge_removal_delta_norm,16,0.0,0.0,0.0,0.0
factory_prepolish_deep_defect,same_xx,tile_scratch_max_um_x0_y0_norm,16,0.03792422264814377,0.10390511603388802,0.0,0.3797375559806824
factory_prepolish_deep_defect,same_xx,tile_scratch_max_um_x0_y1_norm,16,0.02684188261628151,0.10395816435371265,0.0,0.42947012186050415
factory_prepolish_deep_defect,same_xx,tile_scratch_max_um_x0_y2_norm,16,0.08235266990959644,0.15214642957771235,0.0,0.4286375939846039
factory_prepolish_deep_defect,same_xx,tile_scratch_max_um_x0_y3_norm,16,0.037197308614850044,0.10281091668280432,0.0,0.3817024827003479
factory_prepolish_deep_defect,same_xx,tile_scratch_max_um_x0_y4_norm,16,0.012579112313687801,0.0487186925009855,0.0,0.20126579701900482
factory_prepolish_deep_defect,same_xx,tile_scratch_max_um_x1_y0_norm,16,0.04948347806930542,0.1290247148100199,0.0,0.40557533502578735
factory_prepolish_deep_defect,same_xx,tile_scratch_max_um_x1_y1_norm,16,0.056152216624468565,0.13149346829568853,0.0,0.4070556163787842
factory_prepolish_deep_defect,same_xx,tile_scratch_max_um_x1_y2_norm,16,0.05958536872640252,0.14560135366942908,0.0,0.46889829635620117
factory_prepolish_deep_defect,same_xx,tile_scratch_max_um_x1_y3_norm,16,0.024450089782476425,0.09469479054080732,0.0,0.3912014365196228
factory_prepolish_deep_defect,same_xx,tile_scratch_max_um_x1_y4_norm,16,0.0,0.0,0.0,0.0
factory_prepolish_deep_defect,same_xx,tile_scratch_max_um_x2_y0_norm,16,0.022417599335312843,0.0868229888876171,0.0,0.3586815893650055
factory_prepolish_deep_defect,same_xx,tile_scratch_max_um_x2_y1_norm,16,0.02535385312512517,0.0763409815059462,0.0,0.30591216683387756
factory_prepolish_deep_defect,same_xx,tile_scratch_max_um_x2_y2_norm,16,0.028160658897832036,0.06740060630547481,0.0,0.22062911093235016
factory_prepolish_deep_defect,same_xx,tile_scratch_max_um_x2_y3_norm,16,0.02778428327292204,0.07408043303688783,0.0,0.24821971356868744
factory_prepolish_deep_defect,same_xx,tile_scratch_max_um_x2_y4_norm,16,0.024503953754901886,0.0949034048089717,0.0,0.3920632600784302
factory_prepolish_deep_defect,same_xx,tile_scratch_max_um_x3_y0_norm,16,0.0611144108697772,0.11768812928606831,0.0,0.4105347990989685
factory_prepolish_deep_defect,same_xx,tile_scratch_max_um_x3_y1_norm,16,0.07183540239930153,0.15073584864992923,0.0,0.44108766317367554
factory_prepolish_deep_defect,same_xx,tile_scratch_max_um_x3_y2_norm,16,0.09838640969246626,0.14529410590532907,0.0,0.4714793860912323
factory_prepolish_deep_defect,same_xx,tile_scratch_max_um_x3_y3_norm,16,0.10438481532037258,0.15912309961145785,0.0,0.42518094182014465
factory_prepolish_deep_defect,same_xx,tile_scratch_max_um_x3_y4_norm,16,0.026573479641228914,0.0910345541368209,0.0,0.3761541247367859
factory_prepolish_deep_defect,same_xx,tile_scratch_max_um_x4_y0_norm,16,0.0292733171954751,0.08309291522084657,0.0,0.3193190395832062
factory_prepolish_deep_defect,same_xx,tile_scratch_max_um_x4_y1_norm,16,0.026361223310232162,0.07243685507793753,0.0,0.26622146368026733
factory_prepolish_deep_defect,same_xx,tile_scratch_max_um_x4_y2_norm,16,0.09547016210854053,0.13328151520083165,0.0,0.40831607580184937
factory_prepolish_deep_defect,same_xx,tile_scratch_max_um_x4_y3_norm,16,0.07227526977658272,0.15104457299214663,0.0,0.425518661737442
factory_prepolish_deep_defect,same_xx,tile_scratch_max_um_x4_y4_norm,16,0.0,0.0,0.0,0.0
factory_prepolish_deep_defect,same_xx,tile_removal_mean_um_x0_y0_norm,16,0.0,0.0,0.0,0.0
factory_prepolish_deep_defect,same_xx,tile_removal_mean_um_x0_y1_norm,16,0.0,0.0,0.0,0.0
factory_prepolish_deep_defect,same_xx,tile_removal_mean_um_x0_y2_norm,16,0.0,0.0,0.0,0.0
factory_prepolish_deep_defect,same_xx,tile_removal_mean_um_x0_y3_norm,16,0.0,0.0,0.0,0.0
factory_prepolish_deep_defect,same_xx,tile_removal_mean_um_x0_y4_norm,16,0.0,0.0,0.0,0.0
factory_prepolish_deep_defect,same_xx,tile_removal_mean_um_x1_y0_norm,16,0.0,0.0,0.0,0.0
factory_prepolish_deep_defect,same_xx,tile_removal_mean_um_x1_y1_norm,16,0.0,0.0,0.0,0.0
factory_prepolish_deep_defect,same_xx,tile_removal_mean_um_x1_y2_norm,16,0.0,0.0,0.0,0.0
factory_prepolish_deep_defect,same_xx,tile_removal_mean_um_x1_y3_norm,16,0.0,0.0,0.0,0.0
factory_prepolish_deep_defect,same_xx,tile_removal_mean_um_x1_y4_norm,16,0.0,0.0,0.0,0.0
factory_prepolish_deep_defect,same_xx,tile_removal_mean_um_x2_y0_norm,16,0.0,0.0,0.0,0.0
factory_prepolish_deep_defect,same_xx,tile_removal_mean_um_x2_y1_norm,16,0.0,0.0,0.0,0.0
factory_prepolish_deep_defect,same_xx,tile_removal_mean_um_x2_y2_norm,16,0.0,0.0,0.0,0.0
factory_prepolish_deep_defect,same_xx,tile_removal_mean_um_x2_y3_norm,16,0.0,0.0,0.0,0.0
factory_prepolish_deep_defect,same_xx,tile_removal_mean_um_x2_y4_norm,16,0.0,0.0,0.0,0.0
factory_prepolish_deep_defect,same_xx,tile_removal_mean_um_x3_y0_norm,16,0.0,0.0,0.0,0.0
factory_prepolish_deep_defect,same_xx,tile_removal_mean_um_x3_y1_norm,16,0.0,0.0,0.0,0.0
factory_prepolish_deep_defect,same_xx,tile_removal_mean_um_x3_y2_norm,16,0.0,0.0,0.0,0.0
factory_prepolish_deep_defect,same_xx,tile_removal_mean_um_x3_y3_norm,16,0.0,0.0,0.0,0.0
factory_prepolish_deep_defect,same_xx,tile_removal_mean_um_x3_y4_norm,16,0.0,0.0,0.0,0.0
factory_prepolish_deep_defect,same_xx,tile_removal_mean_um_x4_y0_norm,16,0.0,0.0,0.0,0.0
factory_prepolish_deep_defect,same_xx,tile_removal_mean_um_x4_y1_norm,16,0.0,0.0,0.0,0.0
factory_prepolish_deep_defect,same_xx,tile_removal_mean_um_x4_y2_norm,16,0.0,0.0,0.0,0.0
factory_prepolish_deep_defect,same_xx,tile_removal_mean_um_x4_y3_norm,16,0.0,0.0,0.0,0.0
factory_prepolish_deep_defect,same_xx,tile_removal_mean_um_x4_y4_norm,16,0.0,0.0,0.0,0.0
factory_prepolish_deep_defect,same_xx,tile_under_fraction_x0_y0_norm,16,0.0,0.0,0.0,0.0
factory_prepolish_deep_defect,same_xx,tile_under_fraction_x0_y1_norm,16,0.0,0.0,0.0,0.0
factory_prepolish_deep_defect,same_xx,tile_under_fraction_x0_y2_norm,16,0.0,0.0,0.0,0.0
factory_prepolish_deep_defect,same_xx,tile_under_fraction_x0_y3_norm,16,0.0,0.0,0.0,0.0
factory_prepolish_deep_defect,same_xx,tile_under_fraction_x0_y4_norm,16,0.0,0.0,0.0,0.0
factory_prepolish_deep_defect,same_xx,tile_under_fraction_x1_y0_norm,16,0.0,0.0,0.0,0.0
factory_prepolish_deep_defect,same_xx,tile_under_fraction_x1_y1_norm,16,0.0,0.0,0.0,0.0
factory_prepolish_deep_defect,same_xx,tile_under_fraction_x1_y2_norm,16,0.0,0.0,0.0,0.0
factory_prepolish_deep_defect,same_xx,tile_under_fraction_x1_y3_norm,16,0.0,0.0,0.0,0.0
factory_prepolish_deep_defect,same_xx,tile_under_fraction_x1_y4_norm,16,0.0,0.0,0.0,0.0
factory_prepolish_deep_defect,same_xx,tile_under_fraction_x2_y0_norm,16,0.0,0.0,0.0,0.0
factory_prepolish_deep_defect,same_xx,tile_under_fraction_x2_y1_norm,16,0.0,0.0,0.0,0.0
factory_prepolish_deep_defect,same_xx,tile_under_fraction_x2_y2_norm,16,0.0,0.0,0.0,0.0
factory_prepolish_deep_defect,same_xx,tile_under_fraction_x2_y3_norm,16,0.0,0.0,0.0,0.0
factory_prepolish_deep_defect,same_xx,tile_under_fraction_x2_y4_norm,16,0.0,0.0,0.0,0.0
factory_prepolish_deep_defect,same_xx,tile_under_fraction_x3_y0_norm,16,0.0,0.0,0.0,0.0
factory_prepolish_deep_defect,same_xx,tile_under_fraction_x3_y1_norm,16,0.0,0.0,0.0,0.0
factory_prepolish_deep_defect,same_xx,tile_under_fraction_x3_y2_norm,16,0.0,0.0,0.0,0.0
factory_prepolish_deep_defect,same_xx,tile_under_fraction_x3_y3_norm,16,0.0,0.0,0.0,0.0
factory_prepolish_deep_defect,same_xx,tile_under_fraction_x3_y4_norm,16,0.0,0.0,0.0,0.0
factory_prepolish_deep_defect,same_xx,tile_under_fraction_x4_y0_norm,16,0.0,0.0,0.0,0.0
factory_prepolish_deep_defect,same_xx,tile_under_fraction_x4_y1_norm,16,0.0,0.0,0.0,0.0
factory_prepolish_deep_defect,same_xx,tile_under_fraction_x4_y2_norm,16,0.0,0.0,0.0,0.0
factory_prepolish_deep_defect,same_xx,tile_under_fraction_x4_y3_norm,16,0.0,0.0,0.0,0.0
factory_prepolish_deep_defect,same_xx,tile_under_fraction_x4_y4_norm,16,0.0,0.0,0.0,0.0
factory_prepolish_deep_defect,same_xx,tile_over_fraction_x0_y0_norm,16,0.0,0.0,0.0,0.0
factory_prepolish_deep_defect,same_xx,tile_over_fraction_x0_y1_norm,16,0.0,0.0,0.0,0.0
factory_prepolish_deep_defect,same_xx,tile_over_fraction_x0_y2_norm,16,0.0,0.0,0.0,0.0
factory_prepolish_deep_defect,same_xx,tile_over_fraction_x0_y3_norm,16,0.0,0.0,0.0,0.0
factory_prepolish_deep_defect,same_xx,tile_over_fraction_x0_y4_norm,16,0.0,0.0,0.0,0.0
factory_prepolish_deep_defect,same_xx,tile_over_fraction_x1_y0_norm,16,0.0,0.0,0.0,0.0
factory_prepolish_deep_defect,same_xx,tile_over_fraction_x1_y1_norm,16,0.0,0.0,0.0,0.0
factory_prepolish_deep_defect,same_xx,tile_over_fraction_x1_y2_norm,16,0.0,0.0,0.0,0.0
factory_prepolish_deep_defect,same_xx,tile_over_fraction_x1_y3_norm,16,0.0,0.0,0.0,0.0
factory_prepolish_deep_defect,same_xx,tile_over_fraction_x1_y4_norm,16,0.0,0.0,0.0,0.0
factory_prepolish_deep_defect,same_xx,tile_over_fraction_x2_y0_norm,16,0.0,0.0,0.0,0.0
factory_prepolish_deep_defect,same_xx,tile_over_fraction_x2_y1_norm,16,0.0,0.0,0.0,0.0
factory_prepolish_deep_defect,same_xx,tile_over_fraction_x2_y2_norm,16,0.0,0.0,0.0,0.0
factory_prepolish_deep_defect,same_xx,tile_over_fraction_x2_y3_norm,16,0.0,0.0,0.0,0.0
factory_prepolish_deep_defect,same_xx,tile_over_fraction_x2_y4_norm,16,0.0,0.0,0.0,0.0
factory_prepolish_deep_defect,same_xx,tile_over_fraction_x3_y0_norm,16,0.0,0.0,0.0,0.0
factory_prepolish_deep_defect,same_xx,tile_over_fraction_x3_y1_norm,16,0.0,0.0,0.0,0.0
factory_prepolish_deep_defect,same_xx,tile_over_fraction_x3_y2_norm,16,0.0,0.0,0.0,0.0
factory_prepolish_deep_defect,same_xx,tile_over_fraction_x3_y3_norm,16,0.0,0.0,0.0,0.0
factory_prepolish_deep_defect,same_xx,tile_over_fraction_x3_y4_norm,16,0.0,0.0,0.0,0.0
factory_prepolish_deep_defect,same_xx,tile_over_fraction_x4_y0_norm,16,0.0,0.0,0.0,0.0
factory_prepolish_deep_defect,same_xx,tile_over_fraction_x4_y1_norm,16,0.0,0.0,0.0,0.0
factory_prepolish_deep_defect,same_xx,tile_over_fraction_x4_y2_norm,16,0.0,0.0,0.0,0.0
factory_prepolish_deep_defect,same_xx,tile_over_fraction_x4_y3_norm,16,0.0,0.0,0.0,0.0
factory_prepolish_deep_defect,same_xx,tile_over_fraction_x4_y4_norm,16,0.0,0.0,0.0,0.0
factory_prepolish_deep_stress,cross_xy,inspection_pass_norm,16,0.0,0.0,0.0,0.0
factory_prepolish_deep_stress,cross_xy,gu_shortfall_norm,16,0.14116859063506126,0.21759907933288197,0.0,0.6402260065078735
factory_prepolish_deep_stress,cross_xy,ra_excess_norm,16,0.0,0.0,0.0,0.0
factory_prepolish_deep_stress,cross_xy,rz_excess_norm,16,0.0,0.0,0.0,0.0
factory_prepolish_deep_stress,cross_xy,clearcoat_margin_norm,16,0.6312772743403912,0.04421192981332131,0.5443573594093323,0.7188140749931335
factory_prepolish_deep_stress,cross_xy,center_edge_removal_delta_norm,16,0.0,0.0,0.0,0.0
factory_prepolish_deep_stress,cross_xy,tile_scratch_max_um_x0_y0_norm,16,0.05172090232372284,0.15193181637410816,0.0,0.6004844307899475
factory_prepolish_deep_stress,cross_xy,tile_scratch_max_um_x0_y1_norm,16,0.0413258858025074,0.16005446748038069,0.0,0.6612141728401184
factory_prepolish_deep_stress,cross_xy,tile_scratch_max_um_x0_y2_norm,16,0.12366028688848019,0.23647987434519793,0.0,0.6572158932685852
factory_prepolish_deep_stress,cross_xy,tile_scratch_max_um_x0_y3_norm,16,0.060015974566340446,0.16369992676586828,0.0,0.5927065014839172
factory_prepolish_deep_stress,cross_xy,tile_scratch_max_um_x0_y4_norm,16,0.012579112313687801,0.0487186925009855,0.0,0.20126579701900482
factory_prepolish_deep_stress,cross_xy,tile_scratch_max_um_x1_y0_norm,16,0.07642242312431335,0.20024455810395414,0.0,0.6205030083656311
factory_prepolish_deep_stress,cross_xy,tile_scratch_max_um_x1_y1_norm,16,0.08383490657433867,0.20384702019127476,0.0,0.6219721436500549
factory_prepolish_deep_stress,cross_xy,tile_scratch_max_um_x1_y2_norm,16,0.08700404362753034,0.2178468043422062,0.0,0.6962855458259583
factory_prepolish_deep_stress,cross_xy,tile_scratch_max_um_x1_y3_norm,16,0.03823896124958992,0.1480988600959325,0.0,0.6118233799934387
factory_prepolish_deep_stress,cross_xy,tile_scratch_max_um_x1_y4_norm,16,0.0,0.0,0.0,0.0
factory_prepolish_deep_stress,cross_xy,tile_scratch_max_um_x2_y0_norm,16,0.034143298864364624,0.1322364278862668,0.0,0.546292781829834
factory_prepolish_deep_stress,cross_xy,tile_scratch_max_um_x2_y1_norm,16,0.0355804362334311,0.114608011552836,0.0,0.46953749656677246
factory_prepolish_deep_stress,cross_xy,tile_scratch_max_um_x2_y2_norm,16,0.03138628898886964,0.06823675496077727,0.0,0.22062911093235016
factory_prepolish_deep_stress,cross_xy,tile_scratch_max_um_x2_y3_norm,16,0.045414768159389496,0.1213993454143239,0.0,0.41233184933662415
factory_prepolish_deep_stress,cross_xy,tile_scratch_max_um_x2_y4_norm,16,0.03898836672306061,0.15100129501424117,0.0,0.6238138675689697
factory_prepolish_deep_stress,cross_xy,tile_scratch_max_um_x3_y0_norm,16,0.07528700586408377,0.16360873998107608,0.0,0.6372963190078735
factory_prepolish_deep_stress,cross_xy,tile_scratch_max_um_x3_y1_norm,16,0.11324837803840637,0.23715958782263952,0.0,0.6772038340568542
factory_prepolish_deep_stress,cross_xy,tile_scratch_max_um_x3_y2_norm,16,0.12309962417930365,0.20100420725915427,0.0,0.6920404434204102
factory_prepolish_deep_stress,cross_xy,tile_scratch_max_um_x3_y3_norm,16,0.14618370682001114,0.23743662603960888,0.0,0.6688312292098999
factory_prepolish_deep_stress,cross_xy,tile_scratch_max_um_x3_y4_norm,16,0.04118990944698453,0.14734697917456077,0.0,0.6100170016288757
factory_prepolish_deep_stress,cross_xy,tile_scratch_max_um_x4_y0_norm,16,0.04103739466518164,0.12571625207764578,0.0,0.5075442790985107
factory_prepolish_deep_stress,cross_xy,tile_scratch_max_um_x4_y1_norm,16,0.026361223310232162,0.07243685507793753,0.0,0.26622146368026733
factory_prepolish_deep_stress,cross_xy,tile_scratch_max_um_x4_y2_norm,16,0.13365763798356056,0.20398650469549762,0.0,0.633603572845459
factory_prepolish_deep_stress,cross_xy,tile_scratch_max_um_x4_y3_norm,16,0.10985618829727173,0.22962312560028067,0.0,0.6533746123313904
factory_prepolish_deep_stress,cross_xy,tile_scratch_max_um_x4_y4_norm,16,0.0,0.0,0.0,0.0
factory_prepolish_deep_stress,cross_xy,tile_removal_mean_um_x0_y0_norm,16,0.0,0.0,0.0,0.0
factory_prepolish_deep_stress,cross_xy,tile_removal_mean_um_x0_y1_norm,16,0.0,0.0,0.0,0.0
factory_prepolish_deep_stress,cross_xy,tile_removal_mean_um_x0_y2_norm,16,0.0,0.0,0.0,0.0
factory_prepolish_deep_stress,cross_xy,tile_removal_mean_um_x0_y3_norm,16,0.0,0.0,0.0,0.0
factory_prepolish_deep_stress,cross_xy,tile_removal_mean_um_x0_y4_norm,16,0.0,0.0,0.0,0.0
factory_prepolish_deep_stress,cross_xy,tile_removal_mean_um_x1_y0_norm,16,0.0,0.0,0.0,0.0
factory_prepolish_deep_stress,cross_xy,tile_removal_mean_um_x1_y1_norm,16,0.0,0.0,0.0,0.0
factory_prepolish_deep_stress,cross_xy,tile_removal_mean_um_x1_y2_norm,16,0.0,0.0,0.0,0.0
factory_prepolish_deep_stress,cross_xy,tile_removal_mean_um_x1_y3_norm,16,0.0,0.0,0.0,0.0
factory_prepolish_deep_stress,cross_xy,tile_removal_mean_um_x1_y4_norm,16,0.0,0.0,0.0,0.0
factory_prepolish_deep_stress,cross_xy,tile_removal_mean_um_x2_y0_norm,16,0.0,0.0,0.0,0.0
factory_prepolish_deep_stress,cross_xy,tile_removal_mean_um_x2_y1_norm,16,0.0,0.0,0.0,0.0
factory_prepolish_deep_stress,cross_xy,tile_removal_mean_um_x2_y2_norm,16,0.0,0.0,0.0,0.0
factory_prepolish_deep_stress,cross_xy,tile_removal_mean_um_x2_y3_norm,16,0.0,0.0,0.0,0.0
factory_prepolish_deep_stress,cross_xy,tile_removal_mean_um_x2_y4_norm,16,0.0,0.0,0.0,0.0
factory_prepolish_deep_stress,cross_xy,tile_removal_mean_um_x3_y0_norm,16,0.0,0.0,0.0,0.0
factory_prepolish_deep_stress,cross_xy,tile_removal_mean_um_x3_y1_norm,16,0.0,0.0,0.0,0.0
factory_prepolish_deep_stress,cross_xy,tile_removal_mean_um_x3_y2_norm,16,0.0,0.0,0.0,0.0
factory_prepolish_deep_stress,cross_xy,tile_removal_mean_um_x3_y3_norm,16,0.0,0.0,0.0,0.0
factory_prepolish_deep_stress,cross_xy,tile_removal_mean_um_x3_y4_norm,16,0.0,0.0,0.0,0.0
factory_prepolish_deep_stress,cross_xy,tile_removal_mean_um_x4_y0_norm,16,0.0,0.0,0.0,0.0
factory_prepolish_deep_stress,cross_xy,tile_removal_mean_um_x4_y1_norm,16,0.0,0.0,0.0,0.0
factory_prepolish_deep_stress,cross_xy,tile_removal_mean_um_x4_y2_norm,16,0.0,0.0,0.0,0.0
factory_prepolish_deep_stress,cross_xy,tile_removal_mean_um_x4_y3_norm,16,0.0,0.0,0.0,0.0
factory_prepolish_deep_stress,cross_xy,tile_removal_mean_um_x4_y4_norm,16,0.0,0.0,0.0,0.0
factory_prepolish_deep_stress,cross_xy,tile_under_fraction_x0_y0_norm,16,0.0,0.0,0.0,0.0
factory_prepolish_deep_stress,cross_xy,tile_under_fraction_x0_y1_norm,16,0.0,0.0,0.0,0.0
factory_prepolish_deep_stress,cross_xy,tile_under_fraction_x0_y2_norm,16,0.0,0.0,0.0,0.0
factory_prepolish_deep_stress,cross_xy,tile_under_fraction_x0_y3_norm,16,0.0,0.0,0.0,0.0
factory_prepolish_deep_stress,cross_xy,tile_under_fraction_x0_y4_norm,16,0.0,0.0,0.0,0.0
factory_prepolish_deep_stress,cross_xy,tile_under_fraction_x1_y0_norm,16,0.0,0.0,0.0,0.0
factory_prepolish_deep_stress,cross_xy,tile_under_fraction_x1_y1_norm,16,0.0,0.0,0.0,0.0
factory_prepolish_deep_stress,cross_xy,tile_under_fraction_x1_y2_norm,16,0.0,0.0,0.0,0.0
factory_prepolish_deep_stress,cross_xy,tile_under_fraction_x1_y3_norm,16,0.0,0.0,0.0,0.0
factory_prepolish_deep_stress,cross_xy,tile_under_fraction_x1_y4_norm,16,0.0,0.0,0.0,0.0
factory_prepolish_deep_stress,cross_xy,tile_under_fraction_x2_y0_norm,16,0.0,0.0,0.0,0.0
factory_prepolish_deep_stress,cross_xy,tile_under_fraction_x2_y1_norm,16,0.0,0.0,0.0,0.0
factory_prepolish_deep_stress,cross_xy,tile_under_fraction_x2_y2_norm,16,0.0,0.0,0.0,0.0
factory_prepolish_deep_stress,cross_xy,tile_under_fraction_x2_y3_norm,16,0.0,0.0,0.0,0.0
factory_prepolish_deep_stress,cross_xy,tile_under_fraction_x2_y4_norm,16,0.0,0.0,0.0,0.0
factory_prepolish_deep_stress,cross_xy,tile_under_fraction_x3_y0_norm,16,0.0,0.0,0.0,0.0
factory_prepolish_deep_stress,cross_xy,tile_under_fraction_x3_y1_norm,16,0.0,0.0,0.0,0.0
factory_prepolish_deep_stress,cross_xy,tile_under_fraction_x3_y2_norm,16,0.0,0.0,0.0,0.0
factory_prepolish_deep_stress,cross_xy,tile_under_fraction_x3_y3_norm,16,0.0,0.0,0.0,0.0
factory_prepolish_deep_stress,cross_xy,tile_under_fraction_x3_y4_norm,16,0.0,0.0,0.0,0.0
factory_prepolish_deep_stress,cross_xy,tile_under_fraction_x4_y0_norm,16,0.0,0.0,0.0,0.0
factory_prepolish_deep_stress,cross_xy,tile_under_fraction_x4_y1_norm,16,0.0,0.0,0.0,0.0
factory_prepolish_deep_stress,cross_xy,tile_under_fraction_x4_y2_norm,16,0.0,0.0,0.0,0.0
factory_prepolish_deep_stress,cross_xy,tile_under_fraction_x4_y3_norm,16,0.0,0.0,0.0,0.0
factory_prepolish_deep_stress,cross_xy,tile_under_fraction_x4_y4_norm,16,0.0,0.0,0.0,0.0
factory_prepolish_deep_stress,cross_xy,tile_over_fraction_x0_y0_norm,16,0.0,0.0,0.0,0.0
factory_prepolish_deep_stress,cross_xy,tile_over_fraction_x0_y1_norm,16,0.0,0.0,0.0,0.0
factory_prepolish_deep_stress,cross_xy,tile_over_fraction_x0_y2_norm,16,0.0,0.0,0.0,0.0
factory_prepolish_deep_stress,cross_xy,tile_over_fraction_x0_y3_norm,16,0.0,0.0,0.0,0.0
factory_prepolish_deep_stress,cross_xy,tile_over_fraction_x0_y4_norm,16,0.0,0.0,0.0,0.0
factory_prepolish_deep_stress,cross_xy,tile_over_fraction_x1_y0_norm,16,0.0,0.0,0.0,0.0
factory_prepolish_deep_stress,cross_xy,tile_over_fraction_x1_y1_norm,16,0.0,0.0,0.0,0.0
factory_prepolish_deep_stress,cross_xy,tile_over_fraction_x1_y2_norm,16,0.0,0.0,0.0,0.0
factory_prepolish_deep_stress,cross_xy,tile_over_fraction_x1_y3_norm,16,0.0,0.0,0.0,0.0
factory_prepolish_deep_stress,cross_xy,tile_over_fraction_x1_y4_norm,16,0.0,0.0,0.0,0.0
factory_prepolish_deep_stress,cross_xy,tile_over_fraction_x2_y0_norm,16,0.0,0.0,0.0,0.0
factory_prepolish_deep_stress,cross_xy,tile_over_fraction_x2_y1_norm,16,0.0,0.0,0.0,0.0
factory_prepolish_deep_stress,cross_xy,tile_over_fraction_x2_y2_norm,16,0.0,0.0,0.0,0.0
factory_prepolish_deep_stress,cross_xy,tile_over_fraction_x2_y3_norm,16,0.0,0.0,0.0,0.0
factory_prepolish_deep_stress,cross_xy,tile_over_fraction_x2_y4_norm,16,0.0,0.0,0.0,0.0
factory_prepolish_deep_stress,cross_xy,tile_over_fraction_x3_y0_norm,16,0.0,0.0,0.0,0.0
factory_prepolish_deep_stress,cross_xy,tile_over_fraction_x3_y1_norm,16,0.0,0.0,0.0,0.0
factory_prepolish_deep_stress,cross_xy,tile_over_fraction_x3_y2_norm,16,0.0,0.0,0.0,0.0
factory_prepolish_deep_stress,cross_xy,tile_over_fraction_x3_y3_norm,16,0.0,0.0,0.0,0.0
factory_prepolish_deep_stress,cross_xy,tile_over_fraction_x3_y4_norm,16,0.0,0.0,0.0,0.0
factory_prepolish_deep_stress,cross_xy,tile_over_fraction_x4_y0_norm,16,0.0,0.0,0.0,0.0
factory_prepolish_deep_stress,cross_xy,tile_over_fraction_x4_y1_norm,16,0.0,0.0,0.0,0.0
factory_prepolish_deep_stress,cross_xy,tile_over_fraction_x4_y2_norm,16,0.0,0.0,0.0,0.0
factory_prepolish_deep_stress,cross_xy,tile_over_fraction_x4_y3_norm,16,0.0,0.0,0.0,0.0
factory_prepolish_deep_stress,cross_xy,tile_over_fraction_x4_y4_norm,16,0.0,0.0,0.0,0.0
factory_prepolish_deep_stress,same_xx,inspection_pass_norm,16,0.0,0.0,0.0,0.0
factory_prepolish_deep_stress,same_xx,gu_shortfall_norm,16,0.14116859063506126,0.21759907933288197,0.0,0.6402260065078735
factory_prepolish_deep_stress,same_xx,ra_excess_norm,16,0.0,0.0,0.0,0.0
factory_prepolish_deep_stress,same_xx,rz_excess_norm,16,0.0,0.0,0.0,0.0
factory_prepolish_deep_stress,same_xx,clearcoat_margin_norm,16,0.6312772743403912,0.04421192981332131,0.5443573594093323,0.7188140749931335
factory_prepolish_deep_stress,same_xx,center_edge_removal_delta_norm,16,0.0,0.0,0.0,0.0
factory_prepolish_deep_stress,same_xx,tile_scratch_max_um_x0_y0_norm,16,0.05172090232372284,0.15193181637410816,0.0,0.6004844307899475
factory_prepolish_deep_stress,same_xx,tile_scratch_max_um_x0_y1_norm,16,0.0413258858025074,0.16005446748038069,0.0,0.6612141728401184
factory_prepolish_deep_stress,same_xx,tile_scratch_max_um_x0_y2_norm,16,0.12366028688848019,0.23647987434519793,0.0,0.6572158932685852
factory_prepolish_deep_stress,same_xx,tile_scratch_max_um_x0_y3_norm,16,0.060015974566340446,0.16369992676586828,0.0,0.5927065014839172
factory_prepolish_deep_stress,same_xx,tile_scratch_max_um_x0_y4_norm,16,0.012579112313687801,0.0487186925009855,0.0,0.20126579701900482
factory_prepolish_deep_stress,same_xx,tile_scratch_max_um_x1_y0_norm,16,0.07642242312431335,0.20024455810395414,0.0,0.6205030083656311
factory_prepolish_deep_stress,same_xx,tile_scratch_max_um_x1_y1_norm,16,0.08383490657433867,0.20384702019127476,0.0,0.6219721436500549
factory_prepolish_deep_stress,same_xx,tile_scratch_max_um_x1_y2_norm,16,0.08700404362753034,0.2178468043422062,0.0,0.6962855458259583
factory_prepolish_deep_stress,same_xx,tile_scratch_max_um_x1_y3_norm,16,0.03823896124958992,0.1480988600959325,0.0,0.6118233799934387
factory_prepolish_deep_stress,same_xx,tile_scratch_max_um_x1_y4_norm,16,0.0,0.0,0.0,0.0
factory_prepolish_deep_stress,same_xx,tile_scratch_max_um_x2_y0_norm,16,0.034143298864364624,0.1322364278862668,0.0,0.546292781829834
factory_prepolish_deep_stress,same_xx,tile_scratch_max_um_x2_y1_norm,16,0.0355804362334311,0.114608011552836,0.0,0.46953749656677246
factory_prepolish_deep_stress,same_xx,tile_scratch_max_um_x2_y2_norm,16,0.03138628898886964,0.06823675496077727,0.0,0.22062911093235016
factory_prepolish_deep_stress,same_xx,tile_scratch_max_um_x2_y3_norm,16,0.045414768159389496,0.1213993454143239,0.0,0.41233184933662415
factory_prepolish_deep_stress,same_xx,tile_scratch_max_um_x2_y4_norm,16,0.03898836672306061,0.15100129501424117,0.0,0.6238138675689697
factory_prepolish_deep_stress,same_xx,tile_scratch_max_um_x3_y0_norm,16,0.07528700586408377,0.16360873998107608,0.0,0.6372963190078735
factory_prepolish_deep_stress,same_xx,tile_scratch_max_um_x3_y1_norm,16,0.11324837803840637,0.23715958782263952,0.0,0.6772038340568542
factory_prepolish_deep_stress,same_xx,tile_scratch_max_um_x3_y2_norm,16,0.12309962417930365,0.20100420725915427,0.0,0.6920404434204102
factory_prepolish_deep_stress,same_xx,tile_scratch_max_um_x3_y3_norm,16,0.14618370682001114,0.23743662603960888,0.0,0.6688312292098999
factory_prepolish_deep_stress,same_xx,tile_scratch_max_um_x3_y4_norm,16,0.04118990944698453,0.14734697917456077,0.0,0.6100170016288757
factory_prepolish_deep_stress,same_xx,tile_scratch_max_um_x4_y0_norm,16,0.04103739466518164,0.12571625207764578,0.0,0.5075442790985107
factory_prepolish_deep_stress,same_xx,tile_scratch_max_um_x4_y1_norm,16,0.026361223310232162,0.07243685507793753,0.0,0.26622146368026733
factory_prepolish_deep_stress,same_xx,tile_scratch_max_um_x4_y2_norm,16,0.13365763798356056,0.20398650469549762,0.0,0.633603572845459
factory_prepolish_deep_stress,same_xx,tile_scratch_max_um_x4_y3_norm,16,0.10985618829727173,0.22962312560028067,0.0,0.6533746123313904
factory_prepolish_deep_stress,same_xx,tile_scratch_max_um_x4_y4_norm,16,0.0,0.0,0.0,0.0
factory_prepolish_deep_stress,same_xx,tile_removal_mean_um_x0_y0_norm,16,0.0,0.0,0.0,0.0
factory_prepolish_deep_stress,same_xx,tile_removal_mean_um_x0_y1_norm,16,0.0,0.0,0.0,0.0
factory_prepolish_deep_stress,same_xx,tile_removal_mean_um_x0_y2_norm,16,0.0,0.0,0.0,0.0
factory_prepolish_deep_stress,same_xx,tile_removal_mean_um_x0_y3_norm,16,0.0,0.0,0.0,0.0
factory_prepolish_deep_stress,same_xx,tile_removal_mean_um_x0_y4_norm,16,0.0,0.0,0.0,0.0
factory_prepolish_deep_stress,same_xx,tile_removal_mean_um_x1_y0_norm,16,0.0,0.0,0.0,0.0
factory_prepolish_deep_stress,same_xx,tile_removal_mean_um_x1_y1_norm,16,0.0,0.0,0.0,0.0
factory_prepolish_deep_stress,same_xx,tile_removal_mean_um_x1_y2_norm,16,0.0,0.0,0.0,0.0
factory_prepolish_deep_stress,same_xx,tile_removal_mean_um_x1_y3_norm,16,0.0,0.0,0.0,0.0
factory_prepolish_deep_stress,same_xx,tile_removal_mean_um_x1_y4_norm,16,0.0,0.0,0.0,0.0
factory_prepolish_deep_stress,same_xx,tile_removal_mean_um_x2_y0_norm,16,0.0,0.0,0.0,0.0
factory_prepolish_deep_stress,same_xx,tile_removal_mean_um_x2_y1_norm,16,0.0,0.0,0.0,0.0
factory_prepolish_deep_stress,same_xx,tile_removal_mean_um_x2_y2_norm,16,0.0,0.0,0.0,0.0
factory_prepolish_deep_stress,same_xx,tile_removal_mean_um_x2_y3_norm,16,0.0,0.0,0.0,0.0
factory_prepolish_deep_stress,same_xx,tile_removal_mean_um_x2_y4_norm,16,0.0,0.0,0.0,0.0
factory_prepolish_deep_stress,same_xx,tile_removal_mean_um_x3_y0_norm,16,0.0,0.0,0.0,0.0
factory_prepolish_deep_stress,same_xx,tile_removal_mean_um_x3_y1_norm,16,0.0,0.0,0.0,0.0
factory_prepolish_deep_stress,same_xx,tile_removal_mean_um_x3_y2_norm,16,0.0,0.0,0.0,0.0
factory_prepolish_deep_stress,same_xx,tile_removal_mean_um_x3_y3_norm,16,0.0,0.0,0.0,0.0
factory_prepolish_deep_stress,same_xx,tile_removal_mean_um_x3_y4_norm,16,0.0,0.0,0.0,0.0
factory_prepolish_deep_stress,same_xx,tile_removal_mean_um_x4_y0_norm,16,0.0,0.0,0.0,0.0
factory_prepolish_deep_stress,same_xx,tile_removal_mean_um_x4_y1_norm,16,0.0,0.0,0.0,0.0
factory_prepolish_deep_stress,same_xx,tile_removal_mean_um_x4_y2_norm,16,0.0,0.0,0.0,0.0
factory_prepolish_deep_stress,same_xx,tile_removal_mean_um_x4_y3_norm,16,0.0,0.0,0.0,0.0
factory_prepolish_deep_stress,same_xx,tile_removal_mean_um_x4_y4_norm,16,0.0,0.0,0.0,0.0
factory_prepolish_deep_stress,same_xx,tile_under_fraction_x0_y0_norm,16,0.0,0.0,0.0,0.0
factory_prepolish_deep_stress,same_xx,tile_under_fraction_x0_y1_norm,16,0.0,0.0,0.0,0.0
factory_prepolish_deep_stress,same_xx,tile_under_fraction_x0_y2_norm,16,0.0,0.0,0.0,0.0
factory_prepolish_deep_stress,same_xx,tile_under_fraction_x0_y3_norm,16,0.0,0.0,0.0,0.0
factory_prepolish_deep_stress,same_xx,tile_under_fraction_x0_y4_norm,16,0.0,0.0,0.0,0.0
factory_prepolish_deep_stress,same_xx,tile_under_fraction_x1_y0_norm,16,0.0,0.0,0.0,0.0
factory_prepolish_deep_stress,same_xx,tile_under_fraction_x1_y1_norm,16,0.0,0.0,0.0,0.0
factory_prepolish_deep_stress,same_xx,tile_under_fraction_x1_y2_norm,16,0.0,0.0,0.0,0.0
factory_prepolish_deep_stress,same_xx,tile_under_fraction_x1_y3_norm,16,0.0,0.0,0.0,0.0
factory_prepolish_deep_stress,same_xx,tile_under_fraction_x1_y4_norm,16,0.0,0.0,0.0,0.0
factory_prepolish_deep_stress,same_xx,tile_under_fraction_x2_y0_norm,16,0.0,0.0,0.0,0.0
factory_prepolish_deep_stress,same_xx,tile_under_fraction_x2_y1_norm,16,0.0,0.0,0.0,0.0
factory_prepolish_deep_stress,same_xx,tile_under_fraction_x2_y2_norm,16,0.0,0.0,0.0,0.0
factory_prepolish_deep_stress,same_xx,tile_under_fraction_x2_y3_norm,16,0.0,0.0,0.0,0.0
factory_prepolish_deep_stress,same_xx,tile_under_fraction_x2_y4_norm,16,0.0,0.0,0.0,0.0
factory_prepolish_deep_stress,same_xx,tile_under_fraction_x3_y0_norm,16,0.0,0.0,0.0,0.0
factory_prepolish_deep_stress,same_xx,tile_under_fraction_x3_y1_norm,16,0.0,0.0,0.0,0.0
factory_prepolish_deep_stress,same_xx,tile_under_fraction_x3_y2_norm,16,0.0,0.0,0.0,0.0
factory_prepolish_deep_stress,same_xx,tile_under_fraction_x3_y3_norm,16,0.0,0.0,0.0,0.0
factory_prepolish_deep_stress,same_xx,tile_under_fraction_x3_y4_norm,16,0.0,0.0,0.0,0.0
factory_prepolish_deep_stress,same_xx,tile_under_fraction_x4_y0_norm,16,0.0,0.0,0.0,0.0
factory_prepolish_deep_stress,same_xx,tile_under_fraction_x4_y1_norm,16,0.0,0.0,0.0,0.0
factory_prepolish_deep_stress,same_xx,tile_under_fraction_x4_y2_norm,16,0.0,0.0,0.0,0.0
factory_prepolish_deep_stress,same_xx,tile_under_fraction_x4_y3_norm,16,0.0,0.0,0.0,0.0
factory_prepolish_deep_stress,same_xx,tile_under_fraction_x4_y4_norm,16,0.0,0.0,0.0,0.0
factory_prepolish_deep_stress,same_xx,tile_over_fraction_x0_y0_norm,16,0.0,0.0,0.0,0.0
factory_prepolish_deep_stress,same_xx,tile_over_fraction_x0_y1_norm,16,0.0,0.0,0.0,0.0
factory_prepolish_deep_stress,same_xx,tile_over_fraction_x0_y2_norm,16,0.0,0.0,0.0,0.0
factory_prepolish_deep_stress,same_xx,tile_over_fraction_x0_y3_norm,16,0.0,0.0,0.0,0.0
factory_prepolish_deep_stress,same_xx,tile_over_fraction_x0_y4_norm,16,0.0,0.0,0.0,0.0
factory_prepolish_deep_stress,same_xx,tile_over_fraction_x1_y0_norm,16,0.0,0.0,0.0,0.0
factory_prepolish_deep_stress,same_xx,tile_over_fraction_x1_y1_norm,16,0.0,0.0,0.0,0.0
factory_prepolish_deep_stress,same_xx,tile_over_fraction_x1_y2_norm,16,0.0,0.0,0.0,0.0
factory_prepolish_deep_stress,same_xx,tile_over_fraction_x1_y3_norm,16,0.0,0.0,0.0,0.0
factory_prepolish_deep_stress,same_xx,tile_over_fraction_x1_y4_norm,16,0.0,0.0,0.0,0.0
factory_prepolish_deep_stress,same_xx,tile_over_fraction_x2_y0_norm,16,0.0,0.0,0.0,0.0
factory_prepolish_deep_stress,same_xx,tile_over_fraction_x2_y1_norm,16,0.0,0.0,0.0,0.0
factory_prepolish_deep_stress,same_xx,tile_over_fraction_x2_y2_norm,16,0.0,0.0,0.0,0.0
factory_prepolish_deep_stress,same_xx,tile_over_fraction_x2_y3_norm,16,0.0,0.0,0.0,0.0
factory_prepolish_deep_stress,same_xx,tile_over_fraction_x2_y4_norm,16,0.0,0.0,0.0,0.0
factory_prepolish_deep_stress,same_xx,tile_over_fraction_x3_y0_norm,16,0.0,0.0,0.0,0.0
factory_prepolish_deep_stress,same_xx,tile_over_fraction_x3_y1_norm,16,0.0,0.0,0.0,0.0
factory_prepolish_deep_stress,same_xx,tile_over_fraction_x3_y2_norm,16,0.0,0.0,0.0,0.0
factory_prepolish_deep_stress,same_xx,tile_over_fraction_x3_y3_norm,16,0.0,0.0,0.0,0.0
factory_prepolish_deep_stress,same_xx,tile_over_fraction_x3_y4_norm,16,0.0,0.0,0.0,0.0
factory_prepolish_deep_stress,same_xx,tile_over_fraction_x4_y0_norm,16,0.0,0.0,0.0,0.0
factory_prepolish_deep_stress,same_xx,tile_over_fraction_x4_y1_norm,16,0.0,0.0,0.0,0.0
factory_prepolish_deep_stress,same_xx,tile_over_fraction_x4_y2_norm,16,0.0,0.0,0.0,0.0
factory_prepolish_deep_stress,same_xx,tile_over_fraction_x4_y3_norm,16,0.0,0.0,0.0,0.0
factory_prepolish_deep_stress,same_xx,tile_over_fraction_x4_y4_norm,16,0.0,0.0,0.0,0.0
