candidate_id,kind,curvature_radius_m,freeform_seed,direction_mode,tile_x,tile_y,exposure_norm,metric_status
flat,flat,100000000.0,0,same_xx,0,0,0.8315322932181124,PT-DESIGN_ANALYTIC_GEOMETRY_NOT_PHYSX_OR_PHYSICAL_REMOVAL
flat,flat,100000000.0,0,same_xx,0,1,0.9242333187434127,PT-DESIGN_ANALYTIC_GEOMETRY_NOT_PHYSX_OR_PHYSICAL_REMOVAL
flat,flat,100000000.0,0,same_xx,0,2,0.9239143928278734,PT-DESIGN_ANALYTIC_GEOMETRY_NOT_PHYSX_OR_PHYSICAL_REMOVAL
flat,flat,100000000.0,0,same_xx,0,3,0.9242333187434129,PT-DESIGN_ANALYTIC_GEOMETRY_NOT_PHYSX_OR_PHYSICAL_REMOVAL
flat,flat,100000000.0,0,same_xx,0,4,0.8315322932181125,PT-DESIGN_ANALYTIC_GEOMETRY_NOT_PHYSX_OR_PHYSICAL_REMOVAL
flat,flat,100000000.0,0,same_xx,1,0,1.0102874456134752,PT-DESIGN_ANALYTIC_GEOMETRY_NOT_PHYSX_OR_PHYSICAL_REMOVAL
flat,flat,100000000.0,0,same_xx,1,1,1.1176166148609668,PT-DESIGN_ANALYTIC_GEOMETRY_NOT_PHYSX_OR_PHYSICAL_REMOVAL
flat,flat,100000000.0,0,same_xx,1,2,1.1172526941094927,PT-DESIGN_ANALYTIC_GEOMETRY_NOT_PHYSX_OR_PHYSICAL_REMOVAL
flat,flat,100000000.0,0,same_xx,1,3,1.117616614860967,PT-DESIGN_ANALYTIC_GEOMETRY_NOT_PHYSX_OR_PHYSICAL_REMOVAL
flat,flat,100000000.0,0,same_xx,1,4,1.0102874456134752,PT-DESIGN_ANALYTIC_GEOMETRY_NOT_PHYSX_OR_PHYSICAL_REMOVAL
flat,flat,100000000.0,0,same_xx,2,0,1.0123340575788269,PT-DESIGN_ANALYTIC_GEOMETRY_NOT_PHYSX_OR_PHYSICAL_REMOVAL
flat,flat,100000000.0,0,same_xx,2,1,1.1196672175304891,PT-DESIGN_ANALYTIC_GEOMETRY_NOT_PHYSX_OR_PHYSICAL_REMOVAL
flat,flat,100000000.0,0,same_xx,2,2,1.1189845861627616,PT-DESIGN_ANALYTIC_GEOMETRY_NOT_PHYSX_OR_PHYSICAL_REMOVAL
flat,flat,100000000.0,0,same_xx,2,3,1.1196672175304891,PT-DESIGN_ANALYTIC_GEOMETRY_NOT_PHYSX_OR_PHYSICAL_REMOVAL
flat,flat,100000000.0,0,same_xx,2,4,1.0123340575788269,PT-DESIGN_ANALYTIC_GEOMETRY_NOT_PHYSX_OR_PHYSICAL_REMOVAL
flat,flat,100000000.0,0,same_xx,3,0,1.0102874456134752,PT-DESIGN_ANALYTIC_GEOMETRY_NOT_PHYSX_OR_PHYSICAL_REMOVAL
flat,flat,100000000.0,0,same_xx,3,1,1.1176166148609668,PT-DESIGN_ANALYTIC_GEOMETRY_NOT_PHYSX_OR_PHYSICAL_REMOVAL
flat,flat,100000000.0,0,same_xx,3,2,1.1172526941094927,PT-DESIGN_ANALYTIC_GEOMETRY_NOT_PHYSX_OR_PHYSICAL_REMOVAL
flat,flat,100000000.0,0,same_xx,3,3,1.117616614860967,PT-DESIGN_ANALYTIC_GEOMETRY_NOT_PHYSX_OR_PHYSICAL_REMOVAL
flat,flat,100000000.0,0,same_xx,3,4,1.0102874456134752,PT-DESIGN_ANALYTIC_GEOMETRY_NOT_PHYSX_OR_PHYSICAL_REMOVAL
flat,flat,100000000.0,0,same_xx,4,0,0.8315322932181124,PT-DESIGN_ANALYTIC_GEOMETRY_NOT_PHYSX_OR_PHYSICAL_REMOVAL
flat,flat,100000000.0,0,same_xx,4,1,0.9242333187434127,PT-DESIGN_ANALYTIC_GEOMETRY_NOT_PHYSX_OR_PHYSICAL_REMOVAL
flat,flat,100000000.0,0,same_xx,4,2,0.9239143928278736,PT-DESIGN_ANALYTIC_GEOMETRY_NOT_PHYSX_OR_PHYSICAL_REMOVAL
flat,flat,100000000.0,0,same_xx,4,3,0.9242333187434129,PT-DESIGN_ANALYTIC_GEOMETRY_NOT_PHYSX_OR_PHYSICAL_REMOVAL
flat,flat,100000000.0,0,same_xx,4,4,0.8315322932181125,PT-DESIGN_ANALYTIC_GEOMETRY_NOT_PHYSX_OR_PHYSICAL_REMOVAL
flat,flat,100000000.0,0,cross_xy,0,0,0.8315322932181125,PT-DESIGN_ANALYTIC_GEOMETRY_NOT_PHYSX_OR_PHYSICAL_REMOVAL
flat,flat,100000000.0,0,cross_xy,0,1,0.967260382178444,PT-DESIGN_ANALYTIC_GEOMETRY_NOT_PHYSX_OR_PHYSICAL_REMOVAL
flat,flat,100000000.0,0,cross_xy,0,2,0.9681242252033502,PT-DESIGN_ANALYTIC_GEOMETRY_NOT_PHYSX_OR_PHYSICAL_REMOVAL
flat,flat,100000000.0,0,cross_xy,0,3,0.967260382178444,PT-DESIGN_ANALYTIC_GEOMETRY_NOT_PHYSX_OR_PHYSICAL_REMOVAL
flat,flat,100000000.0,0,cross_xy,0,4,0.8315322932181126,PT-DESIGN_ANALYTIC_GEOMETRY_NOT_PHYSX_OR_PHYSICAL_REMOVAL
flat,flat,100000000.0,0,cross_xy,1,0,0.967260382178444,PT-DESIGN_ANALYTIC_GEOMETRY_NOT_PHYSX_OR_PHYSICAL_REMOVAL
flat,flat,100000000.0,0,cross_xy,1,1,1.117616614860967,PT-DESIGN_ANALYTIC_GEOMETRY_NOT_PHYSX_OR_PHYSICAL_REMOVAL
flat,flat,100000000.0,0,cross_xy,1,2,1.1184599558199912,PT-DESIGN_ANALYTIC_GEOMETRY_NOT_PHYSX_OR_PHYSICAL_REMOVAL
flat,flat,100000000.0,0,cross_xy,1,3,1.117616614860967,PT-DESIGN_ANALYTIC_GEOMETRY_NOT_PHYSX_OR_PHYSICAL_REMOVAL
flat,flat,100000000.0,0,cross_xy,1,4,0.9672603821784442,PT-DESIGN_ANALYTIC_GEOMETRY_NOT_PHYSX_OR_PHYSICAL_REMOVAL
flat,flat,100000000.0,0,cross_xy,2,0,0.9681242252033502,PT-DESIGN_ANALYTIC_GEOMETRY_NOT_PHYSX_OR_PHYSICAL_REMOVAL
flat,flat,100000000.0,0,cross_xy,2,1,1.1184599558199912,PT-DESIGN_ANALYTIC_GEOMETRY_NOT_PHYSX_OR_PHYSICAL_REMOVAL
flat,flat,100000000.0,0,cross_xy,2,2,1.118984586162762,PT-DESIGN_ANALYTIC_GEOMETRY_NOT_PHYSX_OR_PHYSICAL_REMOVAL
flat,flat,100000000.0,0,cross_xy,2,3,1.1184599558199912,PT-DESIGN_ANALYTIC_GEOMETRY_NOT_PHYSX_OR_PHYSICAL_REMOVAL
flat,flat,100000000.0,0,cross_xy,2,4,0.9681242252033502,PT-DESIGN_ANALYTIC_GEOMETRY_NOT_PHYSX_OR_PHYSICAL_REMOVAL
flat,flat,100000000.0,0,cross_xy,3,0,0.967260382178444,PT-DESIGN_ANALYTIC_GEOMETRY_NOT_PHYSX_OR_PHYSICAL_REMOVAL
flat,flat,100000000.0,0,cross_xy,3,1,1.117616614860967,PT-DESIGN_ANALYTIC_GEOMETRY_NOT_PHYSX_OR_PHYSICAL_REMOVAL
flat,flat,100000000.0,0,cross_xy,3,2,1.1184599558199912,PT-DESIGN_ANALYTIC_GEOMETRY_NOT_PHYSX_OR_PHYSICAL_REMOVAL
flat,flat,100000000.0,0,cross_xy,3,3,1.1176166148609672,PT-DESIGN_ANALYTIC_GEOMETRY_NOT_PHYSX_OR_PHYSICAL_REMOVAL
flat,flat,100000000.0,0,cross_xy,3,4,0.9672603821784442,PT-DESIGN_ANALYTIC_GEOMETRY_NOT_PHYSX_OR_PHYSICAL_REMOVAL
flat,flat,100000000.0,0,cross_xy,4,0,0.8315322932181126,PT-DESIGN_ANALYTIC_GEOMETRY_NOT_PHYSX_OR_PHYSICAL_REMOVAL
flat,flat,100000000.0,0,cross_xy,4,1,0.967260382178444,PT-DESIGN_ANALYTIC_GEOMETRY_NOT_PHYSX_OR_PHYSICAL_REMOVAL
flat,flat,100000000.0,0,cross_xy,4,2,0.9681242252033502,PT-DESIGN_ANALYTIC_GEOMETRY_NOT_PHYSX_OR_PHYSICAL_REMOVAL
flat,flat,100000000.0,0,cross_xy,4,3,0.9672603821784443,PT-DESIGN_ANALYTIC_GEOMETRY_NOT_PHYSX_OR_PHYSICAL_REMOVAL
flat,flat,100000000.0,0,cross_xy,4,4,0.8315322932181126,PT-DESIGN_ANALYTIC_GEOMETRY_NOT_PHYSX_OR_PHYSICAL_REMOVAL
cylinder_r0p30,cylinder,0.3,0,same_xx,0,0,0.846518703614084,PT-DESIGN_ANALYTIC_GEOMETRY_NOT_PHYSX_OR_PHYSICAL_REMOVAL
cylinder_r0p30,cylinder,0.3,0,same_xx,0,1,0.942263954754882,PT-DESIGN_ANALYTIC_GEOMETRY_NOT_PHYSX_OR_PHYSICAL_REMOVAL
cylinder_r0p30,cylinder,0.3,0,same_xx,0,2,0.9418306529926206,PT-DESIGN_ANALYTIC_GEOMETRY_NOT_PHYSX_OR_PHYSICAL_REMOVAL
cylinder_r0p30,cylinder,0.3,0,same_xx,0,3,0.942263954754882,PT-DESIGN_ANALYTIC_GEOMETRY_NOT_PHYSX_OR_PHYSICAL_REMOVAL
cylinder_r0p30,cylinder,0.3,0,same_xx,0,4,0.8465187036140841,PT-DESIGN_ANALYTIC_GEOMETRY_NOT_PHYSX_OR_PHYSICAL_REMOVAL
cylinder_r0p30,cylinder,0.3,0,same_xx,1,0,1.0116140600742913,PT-DESIGN_ANALYTIC_GEOMETRY_NOT_PHYSX_OR_PHYSICAL_REMOVAL
cylinder_r0p30,cylinder,0.3,0,same_xx,1,1,1.1185624335083573,PT-DESIGN_ANALYTIC_GEOMETRY_NOT_PHYSX_OR_PHYSICAL_REMOVAL
cylinder_r0p30,cylinder,0.3,0,same_xx,1,2,1.1181600526547455,PT-DESIGN_ANALYTIC_GEOMETRY_NOT_PHYSX_OR_PHYSICAL_REMOVAL
cylinder_r0p30,cylinder,0.3,0,same_xx,1,3,1.1185624335083575,PT-DESIGN_ANALYTIC_GEOMETRY_NOT_PHYSX_OR_PHYSICAL_REMOVAL
cylinder_r0p30,cylinder,0.3,0,same_xx,1,4,1.0116140600742916,PT-DESIGN_ANALYTIC_GEOMETRY_NOT_PHYSX_OR_PHYSICAL_REMOVAL
cylinder_r0p30,cylinder,0.3,0,same_xx,2,0,0.9791720933830496,PT-DESIGN_ANALYTIC_GEOMETRY_NOT_PHYSX_OR_PHYSICAL_REMOVAL
cylinder_r0p30,cylinder,0.3,0,same_xx,2,1,1.0820806572925747,PT-DESIGN_ANALYTIC_GEOMETRY_NOT_PHYSX_OR_PHYSICAL_REMOVAL
cylinder_r0p30,cylinder,0.3,0,same_xx,2,2,1.0816764795475597,PT-DESIGN_ANALYTIC_GEOMETRY_NOT_PHYSX_OR_PHYSICAL_REMOVAL
cylinder_r0p30,cylinder,0.3,0,same_xx,2,3,1.0820806572925747,PT-DESIGN_ANALYTIC_GEOMETRY_NOT_PHYSX_OR_PHYSICAL_REMOVAL
cylinder_r0p30,cylinder,0.3,0,same_xx,2,4,0.9791720933830499,PT-DESIGN_ANALYTIC_GEOMETRY_NOT_PHYSX_OR_PHYSICAL_REMOVAL
cylinder_r0p30,cylinder,0.3,0,same_xx,3,0,1.0116140600742913,PT-DESIGN_ANALYTIC_GEOMETRY_NOT_PHYSX_OR_PHYSICAL_REMOVAL
cylinder_r0p30,cylinder,0.3,0,same_xx,3,1,1.1185624335083575,PT-DESIGN_ANALYTIC_GEOMETRY_NOT_PHYSX_OR_PHYSICAL_REMOVAL
cylinder_r0p30,cylinder,0.3,0,same_xx,3,2,1.1181600526547455,PT-DESIGN_ANALYTIC_GEOMETRY_NOT_PHYSX_OR_PHYSICAL_REMOVAL
cylinder_r0p30,cylinder,0.3,0,same_xx,3,3,1.1185624335083575,PT-DESIGN_ANALYTIC_GEOMETRY_NOT_PHYSX_OR_PHYSICAL_REMOVAL
cylinder_r0p30,cylinder,0.3,0,same_xx,3,4,1.0116140600742916,PT-DESIGN_ANALYTIC_GEOMETRY_NOT_PHYSX_OR_PHYSICAL_REMOVAL
cylinder_r0p30,cylinder,0.3,0,same_xx,4,0,0.8465187036140841,PT-DESIGN_ANALYTIC_GEOMETRY_NOT_PHYSX_OR_PHYSICAL_REMOVAL
cylinder_r0p30,cylinder,0.3,0,same_xx,4,1,0.942263954754882,PT-DESIGN_ANALYTIC_GEOMETRY_NOT_PHYSX_OR_PHYSICAL_REMOVAL
cylinder_r0p30,cylinder,0.3,0,same_xx,4,2,0.9418306529926207,PT-DESIGN_ANALYTIC_GEOMETRY_NOT_PHYSX_OR_PHYSICAL_REMOVAL
cylinder_r0p30,cylinder,0.3,0,same_xx,4,3,0.942263954754882,PT-DESIGN_ANALYTIC_GEOMETRY_NOT_PHYSX_OR_PHYSICAL_REMOVAL
cylinder_r0p30,cylinder,0.3,0,same_xx,4,4,0.8465187036140841,PT-DESIGN_ANALYTIC_GEOMETRY_NOT_PHYSX_OR_PHYSICAL_REMOVAL
cylinder_r0p30,cylinder,0.3,0,cross_xy,0,0,0.8387033947981115,PT-DESIGN_ANALYTIC_GEOMETRY_NOT_PHYSX_OR_PHYSICAL_REMOVAL
cylinder_r0p30,cylinder,0.3,0,cross_xy,0,1,0.9758855295969266,PT-DESIGN_ANALYTIC_GEOMETRY_NOT_PHYSX_OR_PHYSICAL_REMOVAL
cylinder_r0p30,cylinder,0.3,0,cross_xy,0,2,0.9764939728258095,PT-DESIGN_ANALYTIC_GEOMETRY_NOT_PHYSX_OR_PHYSICAL_REMOVAL
cylinder_r0p30,cylinder,0.3,0,cross_xy,0,3,0.9758855295969268,PT-DESIGN_ANALYTIC_GEOMETRY_NOT_PHYSX_OR_PHYSICAL_REMOVAL
cylinder_r0p30,cylinder,0.3,0,cross_xy,0,4,0.8387033947981115,PT-DESIGN_ANALYTIC_GEOMETRY_NOT_PHYSX_OR_PHYSICAL_REMOVAL
cylinder_r0p30,cylinder,0.3,0,cross_xy,1,0,0.9736040006445242,PT-DESIGN_ANALYTIC_GEOMETRY_NOT_PHYSX_OR_PHYSICAL_REMOVAL
cylinder_r0p30,cylinder,0.3,0,cross_xy,1,1,1.1244649258337702,PT-DESIGN_ANALYTIC_GEOMETRY_NOT_PHYSX_OR_PHYSICAL_REMOVAL
cylinder_r0p30,cylinder,0.3,0,cross_xy,1,2,1.1252645366145515,PT-DESIGN_ANALYTIC_GEOMETRY_NOT_PHYSX_OR_PHYSICAL_REMOVAL
cylinder_r0p30,cylinder,0.3,0,cross_xy,1,3,1.1244649258337702,PT-DESIGN_ANALYTIC_GEOMETRY_NOT_PHYSX_OR_PHYSICAL_REMOVAL
cylinder_r0p30,cylinder,0.3,0,cross_xy,1,4,0.9736040006445243,PT-DESIGN_ANALYTIC_GEOMETRY_NOT_PHYSX_OR_PHYSICAL_REMOVAL
cylinder_r0p30,cylinder,0.3,0,cross_xy,2,0,0.9416400242963396,PT-DESIGN_ANALYTIC_GEOMETRY_NOT_PHYSX_OR_PHYSICAL_REMOVAL
cylinder_r0p30,cylinder,0.3,0,cross_xy,2,1,1.0872186534395099,PT-DESIGN_ANALYTIC_GEOMETRY_NOT_PHYSX_OR_PHYSICAL_REMOVAL
cylinder_r0p30,cylinder,0.3,0,cross_xy,2,2,1.0881342221542443,PT-DESIGN_ANALYTIC_GEOMETRY_NOT_PHYSX_OR_PHYSICAL_REMOVAL
cylinder_r0p30,cylinder,0.3,0,cross_xy,2,3,1.0872186534395099,PT-DESIGN_ANALYTIC_GEOMETRY_NOT_PHYSX_OR_PHYSICAL_REMOVAL
cylinder_r0p30,cylinder,0.3,0,cross_xy,2,4,0.9416400242963399,PT-DESIGN_ANALYTIC_GEOMETRY_NOT_PHYSX_OR_PHYSICAL_REMOVAL
cylinder_r0p30,cylinder,0.3,0,cross_xy,3,0,0.9736040006445243,PT-DESIGN_ANALYTIC_GEOMETRY_NOT_PHYSX_OR_PHYSICAL_REMOVAL
cylinder_r0p30,cylinder,0.3,0,cross_xy,3,1,1.1244649258337702,PT-DESIGN_ANALYTIC_GEOMETRY_NOT_PHYSX_OR_PHYSICAL_REMOVAL
cylinder_r0p30,cylinder,0.3,0,cross_xy,3,2,1.1252645366145515,PT-DESIGN_ANALYTIC_GEOMETRY_NOT_PHYSX_OR_PHYSICAL_REMOVAL
cylinder_r0p30,cylinder,0.3,0,cross_xy,3,3,1.1244649258337702,PT-DESIGN_ANALYTIC_GEOMETRY_NOT_PHYSX_OR_PHYSICAL_REMOVAL
cylinder_r0p30,cylinder,0.3,0,cross_xy,3,4,0.9736040006445243,PT-DESIGN_ANALYTIC_GEOMETRY_NOT_PHYSX_OR_PHYSICAL_REMOVAL
cylinder_r0p30,cylinder,0.3,0,cross_xy,4,0,0.8387033947981115,PT-DESIGN_ANALYTIC_GEOMETRY_NOT_PHYSX_OR_PHYSICAL_REMOVAL
cylinder_r0p30,cylinder,0.3,0,cross_xy,4,1,0.9758855295969268,PT-DESIGN_ANALYTIC_GEOMETRY_NOT_PHYSX_OR_PHYSICAL_REMOVAL
cylinder_r0p30,cylinder,0.3,0,cross_xy,4,2,0.9764939728258097,PT-DESIGN_ANALYTIC_GEOMETRY_NOT_PHYSX_OR_PHYSICAL_REMOVAL
cylinder_r0p30,cylinder,0.3,0,cross_xy,4,3,0.9758855295969268,PT-DESIGN_ANALYTIC_GEOMETRY_NOT_PHYSX_OR_PHYSICAL_REMOVAL
cylinder_r0p30,cylinder,0.3,0,cross_xy,4,4,0.8387033947981116,PT-DESIGN_ANALYTIC_GEOMETRY_NOT_PHYSX_OR_PHYSICAL_REMOVAL
cylinder_r0p45,cylinder,0.45,0,same_xx,0,0,0.8387011816863545,PT-DESIGN_ANALYTIC_GEOMETRY_NOT_PHYSX_OR_PHYSICAL_REMOVAL
cylinder_r0p45,cylinder,0.45,0,same_xx,0,1,0.9325924104075207,PT-DESIGN_ANALYTIC_GEOMETRY_NOT_PHYSX_OR_PHYSICAL_REMOVAL
cylinder_r0p45,cylinder,0.45,0,same_xx,0,2,0.9322246616030213,PT-DESIGN_ANALYTIC_GEOMETRY_NOT_PHYSX_OR_PHYSICAL_REMOVAL
cylinder_r0p45,cylinder,0.45,0,same_xx,0,3,0.9325924104075207,PT-DESIGN_ANALYTIC_GEOMETRY_NOT_PHYSX_OR_PHYSICAL_REMOVAL
cylinder_r0p45,cylinder,0.45,0,same_xx,0,4,0.8387011816863548,PT-DESIGN_ANALYTIC_GEOMETRY_NOT_PHYSX_OR_PHYSICAL_REMOVAL
cylinder_r0p45,cylinder,0.45,0,same_xx,1,0,1.010257736379598,PT-DESIGN_ANALYTIC_GEOMETRY_NOT_PHYSX_OR_PHYSICAL_REMOVAL
cylinder_r0p45,cylinder,0.45,0,same_xx,1,1,1.117161727269786,PT-DESIGN_ANALYTIC_GEOMETRY_NOT_PHYSX_OR_PHYSICAL_REMOVAL
cylinder_r0p45,cylinder,0.45,0,same_xx,1,2,1.1167308193510141,PT-DESIGN_ANALYTIC_GEOMETRY_NOT_PHYSX_OR_PHYSICAL_REMOVAL
cylinder_r0p45,cylinder,0.45,0,same_xx,1,3,1.117161727269786,PT-DESIGN_ANALYTIC_GEOMETRY_NOT_PHYSX_OR_PHYSICAL_REMOVAL
cylinder_r0p45,cylinder,0.45,0,same_xx,1,4,1.010257736379598,PT-DESIGN_ANALYTIC_GEOMETRY_NOT_PHYSX_OR_PHYSICAL_REMOVAL
cylinder_r0p45,cylinder,0.45,0,same_xx,2,0,0.9982028640915794,PT-DESIGN_ANALYTIC_GEOMETRY_NOT_PHYSX_OR_PHYSICAL_REMOVAL
cylinder_r0p45,cylinder,0.45,0,same_xx,2,1,1.103769934873212,PT-DESIGN_ANALYTIC_GEOMETRY_NOT_PHYSX_OR_PHYSICAL_REMOVAL
cylinder_r0p45,cylinder,0.45,0,same_xx,2,2,1.103291217189304,PT-DESIGN_ANALYTIC_GEOMETRY_NOT_PHYSX_OR_PHYSICAL_REMOVAL
cylinder_r0p45,cylinder,0.45,0,same_xx,2,3,1.103769934873212,PT-DESIGN_ANALYTIC_GEOMETRY_NOT_PHYSX_OR_PHYSICAL_REMOVAL
cylinder_r0p45,cylinder,0.45,0,same_xx,2,4,0.9982028640915798,PT-DESIGN_ANALYTIC_GEOMETRY_NOT_PHYSX_OR_PHYSICAL_REMOVAL
cylinder_r0p45,cylinder,0.45,0,same_xx,3,0,1.010257736379598,PT-DESIGN_ANALYTIC_GEOMETRY_NOT_PHYSX_OR_PHYSICAL_REMOVAL
cylinder_r0p45,cylinder,0.45,0,same_xx,3,1,1.117161727269786,PT-DESIGN_ANALYTIC_GEOMETRY_NOT_PHYSX_OR_PHYSICAL_REMOVAL
cylinder_r0p45,cylinder,0.45,0,same_xx,3,2,1.1167308193510141,PT-DESIGN_ANALYTIC_GEOMETRY_NOT_PHYSX_OR_PHYSICAL_REMOVAL
cylinder_r0p45,cylinder,0.45,0,same_xx,3,3,1.117161727269786,PT-DESIGN_ANALYTIC_GEOMETRY_NOT_PHYSX_OR_PHYSICAL_REMOVAL
cylinder_r0p45,cylinder,0.45,0,same_xx,3,4,1.0102577363795981,PT-DESIGN_ANALYTIC_GEOMETRY_NOT_PHYSX_OR_PHYSICAL_REMOVAL
cylinder_r0p45,cylinder,0.45,0,same_xx,4,0,0.8387011816863545,PT-DESIGN_ANALYTIC_GEOMETRY_NOT_PHYSX_OR_PHYSICAL_REMOVAL
cylinder_r0p45,cylinder,0.45,0,same_xx,4,1,0.9325924104075207,PT-DESIGN_ANALYTIC_GEOMETRY_NOT_PHYSX_OR_PHYSICAL_REMOVAL
cylinder_r0p45,cylinder,0.45,0,same_xx,4,2,0.9322246616030213,PT-DESIGN_ANALYTIC_GEOMETRY_NOT_PHYSX_OR_PHYSICAL_REMOVAL
cylinder_r0p45,cylinder,0.45,0,same_xx,4,3,0.9325924104075208,PT-DESIGN_ANALYTIC_GEOMETRY_NOT_PHYSX_OR_PHYSICAL_REMOVAL
cylinder_r0p45,cylinder,0.45,0,same_xx,4,4,0.8387011816863549,PT-DESIGN_ANALYTIC_GEOMETRY_NOT_PHYSX_OR_PHYSICAL_REMOVAL
cylinder_r0p45,cylinder,0.45,0,cross_xy,0,0,0.8352012232898548,PT-DESIGN_ANALYTIC_GEOMETRY_NOT_PHYSX_OR_PHYSICAL_REMOVAL
cylinder_r0p45,cylinder,0.45,0,cross_xy,0,1,0.9716386249281135,PT-DESIGN_ANALYTIC_GEOMETRY_NOT_PHYSX_OR_PHYSICAL_REMOVAL
cylinder_r0p45,cylinder,0.45,0,cross_xy,0,2,0.972800619358732,PT-DESIGN_ANALYTIC_GEOMETRY_NOT_PHYSX_OR_PHYSICAL_REMOVAL
cylinder_r0p45,cylinder,0.45,0,cross_xy,0,3,0.9716386249281135,PT-DESIGN_ANALYTIC_GEOMETRY_NOT_PHYSX_OR_PHYSICAL_REMOVAL
cylinder_r0p45,cylinder,0.45,0,cross_xy,0,4,0.8352012232898548,PT-DESIGN_ANALYTIC_GEOMETRY_NOT_PHYSX_OR_PHYSICAL_REMOVAL
cylinder_r0p45,cylinder,0.45,0,cross_xy,1,0,0.9692329537586274,PT-DESIGN_ANALYTIC_GEOMETRY_NOT_PHYSX_OR_PHYSICAL_REMOVAL
cylinder_r0p45,cylinder,0.45,0,cross_xy,1,1,1.1195722074309842,PT-DESIGN_ANALYTIC_GEOMETRY_NOT_PHYSX_OR_PHYSICAL_REMOVAL
cylinder_r0p45,cylinder,0.45,0,cross_xy,1,2,1.1203620367251126,PT-DESIGN_ANALYTIC_GEOMETRY_NOT_PHYSX_OR_PHYSICAL_REMOVAL
cylinder_r0p45,cylinder,0.45,0,cross_xy,1,3,1.1195722074309844,PT-DESIGN_ANALYTIC_GEOMETRY_NOT_PHYSX_OR_PHYSICAL_REMOVAL
cylinder_r0p45,cylinder,0.45,0,cross_xy,1,4,0.9692329537586274,PT-DESIGN_ANALYTIC_GEOMETRY_NOT_PHYSX_OR_PHYSICAL_REMOVAL
cylinder_r0p45,cylinder,0.45,0,cross_xy,2,0,0.9568168349946692,PT-DESIGN_ANALYTIC_GEOMETRY_NOT_PHYSX_OR_PHYSICAL_REMOVAL
cylinder_r0p45,cylinder,0.45,0,cross_xy,2,1,1.1054633173628572,PT-DESIGN_ANALYTIC_GEOMETRY_NOT_PHYSX_OR_PHYSICAL_REMOVAL
cylinder_r0p45,cylinder,0.45,0,cross_xy,2,2,1.1065343454869347,PT-DESIGN_ANALYTIC_GEOMETRY_NOT_PHYSX_OR_PHYSICAL_REMOVAL
cylinder_r0p45,cylinder,0.45,0,cross_xy,2,3,1.1054633173628572,PT-DESIGN_ANALYTIC_GEOMETRY_NOT_PHYSX_OR_PHYSICAL_REMOVAL
cylinder_r0p45,cylinder,0.45,0,cross_xy,2,4,0.9568168349946694,PT-DESIGN_ANALYTIC_GEOMETRY_NOT_PHYSX_OR_PHYSICAL_REMOVAL
cylinder_r0p45,cylinder,0.45,0,cross_xy,3,0,0.9692329537586274,PT-DESIGN_ANALYTIC_GEOMETRY_NOT_PHYSX_OR_PHYSICAL_REMOVAL
cylinder_r0p45,cylinder,0.45,0,cross_xy,3,1,1.119572207430984,PT-DESIGN_ANALYTIC_GEOMETRY_NOT_PHYSX_OR_PHYSICAL_REMOVAL
cylinder_r0p45,cylinder,0.45,0,cross_xy,3,2,1.1203620367251128,PT-DESIGN_ANALYTIC_GEOMETRY_NOT_PHYSX_OR_PHYSICAL_REMOVAL
cylinder_r0p45,cylinder,0.45,0,cross_xy,3,3,1.1195722074309842,PT-DESIGN_ANALYTIC_GEOMETRY_NOT_PHYSX_OR_PHYSICAL_REMOVAL
cylinder_r0p45,cylinder,0.45,0,cross_xy,3,4,0.9692329537586275,PT-DESIGN_ANALYTIC_GEOMETRY_NOT_PHYSX_OR_PHYSICAL_REMOVAL
cylinder_r0p45,cylinder,0.45,0,cross_xy,4,0,0.8352012232898548,PT-DESIGN_ANALYTIC_GEOMETRY_NOT_PHYSX_OR_PHYSICAL_REMOVAL
cylinder_r0p45,cylinder,0.45,0,cross_xy,4,1,0.9716386249281135,PT-DESIGN_ANALYTIC_GEOMETRY_NOT_PHYSX_OR_PHYSICAL_REMOVAL
cylinder_r0p45,cylinder,0.45,0,cross_xy,4,2,0.972800619358732,PT-DESIGN_ANALYTIC_GEOMETRY_NOT_PHYSX_OR_PHYSICAL_REMOVAL
cylinder_r0p45,cylinder,0.45,0,cross_xy,4,3,0.9716386249281137,PT-DESIGN_ANALYTIC_GEOMETRY_NOT_PHYSX_OR_PHYSICAL_REMOVAL
cylinder_r0p45,cylinder,0.45,0,cross_xy,4,4,0.8352012232898549,PT-DESIGN_ANALYTIC_GEOMETRY_NOT_PHYSX_OR_PHYSICAL_REMOVAL
cylinder_r0p60,cylinder,0.6,0,same_xx,0,0,0.8353936212078955,PT-DESIGN_ANALYTIC_GEOMETRY_NOT_PHYSX_OR_PHYSICAL_REMOVAL
cylinder_r0p60,cylinder,0.6,0,same_xx,0,1,0.9284791902158611,PT-DESIGN_ANALYTIC_GEOMETRY_NOT_PHYSX_OR_PHYSICAL_REMOVAL
cylinder_r0p60,cylinder,0.6,0,same_xx,0,2,0.9282077820116971,PT-DESIGN_ANALYTIC_GEOMETRY_NOT_PHYSX_OR_PHYSICAL_REMOVAL
cylinder_r0p60,cylinder,0.6,0,same_xx,0,3,0.9284791902158612,PT-DESIGN_ANALYTIC_GEOMETRY_NOT_PHYSX_OR_PHYSICAL_REMOVAL
cylinder_r0p60,cylinder,0.6,0,same_xx,0,4,0.8353936212078956,PT-DESIGN_ANALYTIC_GEOMETRY_NOT_PHYSX_OR_PHYSICAL_REMOVAL
cylinder_r0p60,cylinder,0.6,0,same_xx,1,0,1.010380370463841,PT-DESIGN_ANALYTIC_GEOMETRY_NOT_PHYSX_OR_PHYSICAL_REMOVAL
cylinder_r0p60,cylinder,0.6,0,same_xx,1,1,1.1174024068474666,PT-DESIGN_ANALYTIC_GEOMETRY_NOT_PHYSX_OR_PHYSICAL_REMOVAL
cylinder_r0p60,cylinder,0.6,0,same_xx,1,2,1.1170051764173803,PT-DESIGN_ANALYTIC_GEOMETRY_NOT_PHYSX_OR_PHYSICAL_REMOVAL
cylinder_r0p60,cylinder,0.6,0,same_xx,1,3,1.1174024068474668,PT-DESIGN_ANALYTIC_GEOMETRY_NOT_PHYSX_OR_PHYSICAL_REMOVAL
cylinder_r0p60,cylinder,0.6,0,same_xx,1,4,1.0103803704638412,PT-DESIGN_ANALYTIC_GEOMETRY_NOT_PHYSX_OR_PHYSICAL_REMOVAL
cylinder_r0p60,cylinder,0.6,0,same_xx,2,0,1.0049016634776557,PT-DESIGN_ANALYTIC_GEOMETRY_NOT_PHYSX_OR_PHYSICAL_REMOVAL
cylinder_r0p60,cylinder,0.6,0,same_xx,2,1,1.1112217329194116,PT-DESIGN_ANALYTIC_GEOMETRY_NOT_PHYSX_OR_PHYSICAL_REMOVAL
cylinder_r0p60,cylinder,0.6,0,same_xx,2,2,1.1107049354074525,PT-DESIGN_ANALYTIC_GEOMETRY_NOT_PHYSX_OR_PHYSICAL_REMOVAL
cylinder_r0p60,cylinder,0.6,0,same_xx,2,3,1.1112217329194116,PT-DESIGN_ANALYTIC_GEOMETRY_NOT_PHYSX_OR_PHYSICAL_REMOVAL
cylinder_r0p60,cylinder,0.6,0,same_xx,2,4,1.0049016634776562,PT-DESIGN_ANALYTIC_GEOMETRY_NOT_PHYSX_OR_PHYSICAL_REMOVAL
cylinder_r0p60,cylinder,0.6,0,same_xx,3,0,1.010380370463841,PT-DESIGN_ANALYTIC_GEOMETRY_NOT_PHYSX_OR_PHYSICAL_REMOVAL
cylinder_r0p60,cylinder,0.6,0,same_xx,3,1,1.1174024068474668,PT-DESIGN_ANALYTIC_GEOMETRY_NOT_PHYSX_OR_PHYSICAL_REMOVAL
cylinder_r0p60,cylinder,0.6,0,same_xx,3,2,1.1170051764173803,PT-DESIGN_ANALYTIC_GEOMETRY_NOT_PHYSX_OR_PHYSICAL_REMOVAL
cylinder_r0p60,cylinder,0.6,0,same_xx,3,3,1.1174024068474668,PT-DESIGN_ANALYTIC_GEOMETRY_NOT_PHYSX_OR_PHYSICAL_REMOVAL
cylinder_r0p60,cylinder,0.6,0,same_xx,3,4,1.0103803704638412,PT-DESIGN_ANALYTIC_GEOMETRY_NOT_PHYSX_OR_PHYSICAL_REMOVAL
cylinder_r0p60,cylinder,0.6,0,same_xx,4,0,0.8353936212078956,PT-DESIGN_ANALYTIC_GEOMETRY_NOT_PHYSX_OR_PHYSICAL_REMOVAL
cylinder_r0p60,cylinder,0.6,0,same_xx,4,1,0.9284791902158612,PT-DESIGN_ANALYTIC_GEOMETRY_NOT_PHYSX_OR_PHYSICAL_REMOVAL
cylinder_r0p60,cylinder,0.6,0,same_xx,4,2,0.9282077820116971,PT-DESIGN_ANALYTIC_GEOMETRY_NOT_PHYSX_OR_PHYSICAL_REMOVAL
cylinder_r0p60,cylinder,0.6,0,same_xx,4,3,0.9284791902158612,PT-DESIGN_ANALYTIC_GEOMETRY_NOT_PHYSX_OR_PHYSICAL_REMOVAL
cylinder_r0p60,cylinder,0.6,0,same_xx,4,4,0.8353936212078957,PT-DESIGN_ANALYTIC_GEOMETRY_NOT_PHYSX_OR_PHYSICAL_REMOVAL
cylinder_r0p60,cylinder,0.6,0,cross_xy,0,0,0.8335520427568375,PT-DESIGN_ANALYTIC_GEOMETRY_NOT_PHYSX_OR_PHYSICAL_REMOVAL
cylinder_r0p60,cylinder,0.6,0,cross_xy,0,1,0.9697338072489692,PT-DESIGN_ANALYTIC_GEOMETRY_NOT_PHYSX_OR_PHYSICAL_REMOVAL
cylinder_r0p60,cylinder,0.6,0,cross_xy,0,2,0.9705354577282512,PT-DESIGN_ANALYTIC_GEOMETRY_NOT_PHYSX_OR_PHYSICAL_REMOVAL
cylinder_r0p60,cylinder,0.6,0,cross_xy,0,3,0.9697338072489693,PT-DESIGN_ANALYTIC_GEOMETRY_NOT_PHYSX_OR_PHYSICAL_REMOVAL
cylinder_r0p60,cylinder,0.6,0,cross_xy,0,4,0.8335520427568375,PT-DESIGN_ANALYTIC_GEOMETRY_NOT_PHYSX_OR_PHYSICAL_REMOVAL
cylinder_r0p60,cylinder,0.6,0,cross_xy,1,0,0.9681992420923125,PT-DESIGN_ANALYTIC_GEOMETRY_NOT_PHYSX_OR_PHYSICAL_REMOVAL
cylinder_r0p60,cylinder,0.6,0,cross_xy,1,1,1.1185571961169858,PT-DESIGN_ANALYTIC_GEOMETRY_NOT_PHYSX_OR_PHYSICAL_REMOVAL
cylinder_r0p60,cylinder,0.6,0,cross_xy,1,2,1.1194405348753127,PT-DESIGN_ANALYTIC_GEOMETRY_NOT_PHYSX_OR_PHYSICAL_REMOVAL
cylinder_r0p60,cylinder,0.6,0,cross_xy,1,3,1.118557196116986,PT-DESIGN_ANALYTIC_GEOMETRY_NOT_PHYSX_OR_PHYSICAL_REMOVAL
cylinder_r0p60,cylinder,0.6,0,cross_xy,1,4,0.9681992420923126,PT-DESIGN_ANALYTIC_GEOMETRY_NOT_PHYSX_OR_PHYSICAL_REMOVAL
cylinder_r0p60,cylinder,0.6,0,cross_xy,2,0,0.9619073469655569,PT-DESIGN_ANALYTIC_GEOMETRY_NOT_PHYSX_OR_PHYSICAL_REMOVAL
cylinder_r0p60,cylinder,0.6,0,cross_xy,2,1,1.1115824652438917,PT-DESIGN_ANALYTIC_GEOMETRY_NOT_PHYSX_OR_PHYSICAL_REMOVAL
cylinder_r0p60,cylinder,0.6,0,cross_xy,2,2,1.1128992375135551,PT-DESIGN_ANALYTIC_GEOMETRY_NOT_PHYSX_OR_PHYSICAL_REMOVAL
cylinder_r0p60,cylinder,0.6,0,cross_xy,2,3,1.1115824652438917,PT-DESIGN_ANALYTIC_GEOMETRY_NOT_PHYSX_OR_PHYSICAL_REMOVAL
cylinder_r0p60,cylinder,0.6,0,cross_xy,2,4,0.9619073469655572,PT-DESIGN_ANALYTIC_GEOMETRY_NOT_PHYSX_OR_PHYSICAL_REMOVAL
cylinder_r0p60,cylinder,0.6,0,cross_xy,3,0,0.9681992420923126,PT-DESIGN_ANALYTIC_GEOMETRY_NOT_PHYSX_OR_PHYSICAL_REMOVAL
cylinder_r0p60,cylinder,0.6,0,cross_xy,3,1,1.1185571961169858,PT-DESIGN_ANALYTIC_GEOMETRY_NOT_PHYSX_OR_PHYSICAL_REMOVAL
cylinder_r0p60,cylinder,0.6,0,cross_xy,3,2,1.1194405348753127,PT-DESIGN_ANALYTIC_GEOMETRY_NOT_PHYSX_OR_PHYSICAL_REMOVAL
cylinder_r0p60,cylinder,0.6,0,cross_xy,3,3,1.1185571961169858,PT-DESIGN_ANALYTIC_GEOMETRY_NOT_PHYSX_OR_PHYSICAL_REMOVAL
cylinder_r0p60,cylinder,0.6,0,cross_xy,3,4,0.9681992420923126,PT-DESIGN_ANALYTIC_GEOMETRY_NOT_PHYSX_OR_PHYSICAL_REMOVAL
cylinder_r0p60,cylinder,0.6,0,cross_xy,4,0,0.8335520427568375,PT-DESIGN_ANALYTIC_GEOMETRY_NOT_PHYSX_OR_PHYSICAL_REMOVAL
cylinder_r0p60,cylinder,0.6,0,cross_xy,4,1,0.9697338072489694,PT-DESIGN_ANALYTIC_GEOMETRY_NOT_PHYSX_OR_PHYSICAL_REMOVAL
cylinder_r0p60,cylinder,0.6,0,cross_xy,4,2,0.9705354577282512,PT-DESIGN_ANALYTIC_GEOMETRY_NOT_PHYSX_OR_PHYSICAL_REMOVAL
cylinder_r0p60,cylinder,0.6,0,cross_xy,4,3,0.9697338072489693,PT-DESIGN_ANALYTIC_GEOMETRY_NOT_PHYSX_OR_PHYSICAL_REMOVAL
cylinder_r0p60,cylinder,0.6,0,cross_xy,4,4,0.8335520427568375,PT-DESIGN_ANALYTIC_GEOMETRY_NOT_PHYSX_OR_PHYSICAL_REMOVAL
cylinder_r1p00,cylinder,1.0,0,same_xx,0,0,0.8327928332982464,PT-DESIGN_ANALYTIC_GEOMETRY_NOT_PHYSX_OR_PHYSICAL_REMOVAL
cylinder_r1p00,cylinder,1.0,0,same_xx,0,1,0.9256545408114321,PT-DESIGN_ANALYTIC_GEOMETRY_NOT_PHYSX_OR_PHYSICAL_REMOVAL
cylinder_r1p00,cylinder,1.0,0,same_xx,0,2,0.9253354270500292,PT-DESIGN_ANALYTIC_GEOMETRY_NOT_PHYSX_OR_PHYSICAL_REMOVAL
cylinder_r1p00,cylinder,1.0,0,same_xx,0,3,0.9256545408114321,PT-DESIGN_ANALYTIC_GEOMETRY_NOT_PHYSX_OR_PHYSICAL_REMOVAL
cylinder_r1p00,cylinder,1.0,0,same_xx,0,4,0.8327928332982466,PT-DESIGN_ANALYTIC_GEOMETRY_NOT_PHYSX_OR_PHYSICAL_REMOVAL
cylinder_r1p00,cylinder,1.0,0,same_xx,1,0,1.0104206004797378,PT-DESIGN_ANALYTIC_GEOMETRY_NOT_PHYSX_OR_PHYSICAL_REMOVAL
cylinder_r1p00,cylinder,1.0,0,same_xx,1,1,1.1175807256080643,PT-DESIGN_ANALYTIC_GEOMETRY_NOT_PHYSX_OR_PHYSICAL_REMOVAL
cylinder_r1p00,cylinder,1.0,0,same_xx,1,2,1.1171354159053175,PT-DESIGN_ANALYTIC_GEOMETRY_NOT_PHYSX_OR_PHYSICAL_REMOVAL
cylinder_r1p00,cylinder,1.0,0,same_xx,1,3,1.1175807256080643,PT-DESIGN_ANALYTIC_GEOMETRY_NOT_PHYSX_OR_PHYSICAL_REMOVAL
cylinder_r1p00,cylinder,1.0,0,same_xx,1,4,1.0104206004797378,PT-DESIGN_ANALYTIC_GEOMETRY_NOT_PHYSX_OR_PHYSICAL_REMOVAL
cylinder_r1p00,cylinder,1.0,0,same_xx,2,0,1.0097617373739203,PT-DESIGN_ANALYTIC_GEOMETRY_NOT_PHYSX_OR_PHYSICAL_REMOVAL
cylinder_r1p00,cylinder,1.0,0,same_xx,2,1,1.1167534728634991,PT-DESIGN_ANALYTIC_GEOMETRY_NOT_PHYSX_OR_PHYSICAL_REMOVAL
cylinder_r1p00,cylinder,1.0,0,same_xx,2,2,1.116233092824547,PT-DESIGN_ANALYTIC_GEOMETRY_NOT_PHYSX_OR_PHYSICAL_REMOVAL
cylinder_r1p00,cylinder,1.0,0,same_xx,2,3,1.1167534728634991,PT-DESIGN_ANALYTIC_GEOMETRY_NOT_PHYSX_OR_PHYSICAL_REMOVAL
cylinder_r1p00,cylinder,1.0,0,same_xx,2,4,1.0097617373739205,PT-DESIGN_ANALYTIC_GEOMETRY_NOT_PHYSX_OR_PHYSICAL_REMOVAL
cylinder_r1p00,cylinder,1.0,0,same_xx,3,0,1.0104206004797378,PT-DESIGN_ANALYTIC_GEOMETRY_NOT_PHYSX_OR_PHYSICAL_REMOVAL
cylinder_r1p00,cylinder,1.0,0,same_xx,3,1,1.117580725608064,PT-DESIGN_ANALYTIC_GEOMETRY_NOT_PHYSX_OR_PHYSICAL_REMOVAL
cylinder_r1p00,cylinder,1.0,0,same_xx,3,2,1.1171354159053175,PT-DESIGN_ANALYTIC_GEOMETRY_NOT_PHYSX_OR_PHYSICAL_REMOVAL
cylinder_r1p00,cylinder,1.0,0,same_xx,3,3,1.1175807256080643,PT-DESIGN_ANALYTIC_GEOMETRY_NOT_PHYSX_OR_PHYSICAL_REMOVAL
cylinder_r1p00,cylinder,1.0,0,same_xx,3,4,1.0104206004797378,PT-DESIGN_ANALYTIC_GEOMETRY_NOT_PHYSX_OR_PHYSICAL_REMOVAL
cylinder_r1p00,cylinder,1.0,0,same_xx,4,0,0.8327928332982465,PT-DESIGN_ANALYTIC_GEOMETRY_NOT_PHYSX_OR_PHYSICAL_REMOVAL
cylinder_r1p00,cylinder,1.0,0,same_xx,4,1,0.9256545408114321,PT-DESIGN_ANALYTIC_GEOMETRY_NOT_PHYSX_OR_PHYSICAL_REMOVAL
cylinder_r1p00,cylinder,1.0,0,same_xx,4,2,0.9253354270500292,PT-DESIGN_ANALYTIC_GEOMETRY_NOT_PHYSX_OR_PHYSICAL_REMOVAL
cylinder_r1p00,cylinder,1.0,0,same_xx,4,3,0.9256545408114321,PT-DESIGN_ANALYTIC_GEOMETRY_NOT_PHYSX_OR_PHYSICAL_REMOVAL
cylinder_r1p00,cylinder,1.0,0,same_xx,4,4,0.8327928332982466,PT-DESIGN_ANALYTIC_GEOMETRY_NOT_PHYSX_OR_PHYSICAL_REMOVAL
cylinder_r1p00,cylinder,1.0,0,cross_xy,0,0,0.83204743074036,PT-DESIGN_ANALYTIC_GEOMETRY_NOT_PHYSX_OR_PHYSICAL_REMOVAL
cylinder_r1p00,cylinder,1.0,0,cross_xy,0,1,0.9680470863691489,PT-DESIGN_ANALYTIC_GEOMETRY_NOT_PHYSX_OR_PHYSICAL_REMOVAL
cylinder_r1p00,cylinder,1.0,0,cross_xy,0,2,0.9692211660689912,PT-DESIGN_ANALYTIC_GEOMETRY_NOT_PHYSX_OR_PHYSICAL_REMOVAL
cylinder_r1p00,cylinder,1.0,0,cross_xy,0,3,0.9680470863691489,PT-DESIGN_ANALYTIC_GEOMETRY_NOT_PHYSX_OR_PHYSICAL_REMOVAL
cylinder_r1p00,cylinder,1.0,0,cross_xy,0,4,0.8320474307403601,PT-DESIGN_ANALYTIC_GEOMETRY_NOT_PHYSX_OR_PHYSICAL_REMOVAL
cylinder_r1p00,cylinder,1.0,0,cross_xy,1,0,0.9675481558191718,PT-DESIGN_ANALYTIC_GEOMETRY_NOT_PHYSX_OR_PHYSICAL_REMOVAL
cylinder_r1p00,cylinder,1.0,0,cross_xy,1,1,1.118025685937714,PT-DESIGN_ANALYTIC_GEOMETRY_NOT_PHYSX_OR_PHYSICAL_REMOVAL
cylinder_r1p00,cylinder,1.0,0,cross_xy,1,2,1.1190282043937594,PT-DESIGN_ANALYTIC_GEOMETRY_NOT_PHYSX_OR_PHYSICAL_REMOVAL
cylinder_r1p00,cylinder,1.0,0,cross_xy,1,3,1.118025685937714,PT-DESIGN_ANALYTIC_GEOMETRY_NOT_PHYSX_OR_PHYSICAL_REMOVAL
cylinder_r1p00,cylinder,1.0,0,cross_xy,1,4,0.9675481558191718,PT-DESIGN_ANALYTIC_GEOMETRY_NOT_PHYSX_OR_PHYSICAL_REMOVAL
cylinder_r1p00,cylinder,1.0,0,cross_xy,2,0,0.9658815175725798,PT-DESIGN_ANALYTIC_GEOMETRY_NOT_PHYSX_OR_PHYSICAL_REMOVAL
cylinder_r1p00,cylinder,1.0,0,cross_xy,2,1,1.1158820528825655,PT-DESIGN_ANALYTIC_GEOMETRY_NOT_PHYSX_OR_PHYSICAL_REMOVAL
cylinder_r1p00,cylinder,1.0,0,cross_xy,2,2,1.1173006826986307,PT-DESIGN_ANALYTIC_GEOMETRY_NOT_PHYSX_OR_PHYSICAL_REMOVAL
cylinder_r1p00,cylinder,1.0,0,cross_xy,2,3,1.1158820528825655,PT-DESIGN_ANALYTIC_GEOMETRY_NOT_PHYSX_OR_PHYSICAL_REMOVAL
cylinder_r1p00,cylinder,1.0,0,cross_xy,2,4,0.9658815175725798,PT-DESIGN_ANALYTIC_GEOMETRY_NOT_PHYSX_OR_PHYSICAL_REMOVAL
cylinder_r1p00,cylinder,1.0,0,cross_xy,3,0,0.9675481558191718,PT-DESIGN_ANALYTIC_GEOMETRY_NOT_PHYSX_OR_PHYSICAL_REMOVAL
cylinder_r1p00,cylinder,1.0,0,cross_xy,3,1,1.118025685937714,PT-DESIGN_ANALYTIC_GEOMETRY_NOT_PHYSX_OR_PHYSICAL_REMOVAL
cylinder_r1p00,cylinder,1.0,0,cross_xy,3,2,1.1190282043937594,PT-DESIGN_ANALYTIC_GEOMETRY_NOT_PHYSX_OR_PHYSICAL_REMOVAL
cylinder_r1p00,cylinder,1.0,0,cross_xy,3,3,1.118025685937714,PT-DESIGN_ANALYTIC_GEOMETRY_NOT_PHYSX_OR_PHYSICAL_REMOVAL
cylinder_r1p00,cylinder,1.0,0,cross_xy,3,4,0.9675481558191719,PT-DESIGN_ANALYTIC_GEOMETRY_NOT_PHYSX_OR_PHYSICAL_REMOVAL
cylinder_r1p00,cylinder,1.0,0,cross_xy,4,0,0.83204743074036,PT-DESIGN_ANALYTIC_GEOMETRY_NOT_PHYSX_OR_PHYSICAL_REMOVAL
cylinder_r1p00,cylinder,1.0,0,cross_xy,4,1,0.9680470863691489,PT-DESIGN_ANALYTIC_GEOMETRY_NOT_PHYSX_OR_PHYSICAL_REMOVAL
cylinder_r1p00,cylinder,1.0,0,cross_xy,4,2,0.9692211660689912,PT-DESIGN_ANALYTIC_GEOMETRY_NOT_PHYSX_OR_PHYSICAL_REMOVAL
cylinder_r1p00,cylinder,1.0,0,cross_xy,4,3,0.9680470863691489,PT-DESIGN_ANALYTIC_GEOMETRY_NOT_PHYSX_OR_PHYSICAL_REMOVAL
cylinder_r1p00,cylinder,1.0,0,cross_xy,4,4,0.8320474307403604,PT-DESIGN_ANALYTIC_GEOMETRY_NOT_PHYSX_OR_PHYSICAL_REMOVAL
sphere_r0p30,sphere,0.3,0,same_xx,0,0,0.8418376847984075,PT-DESIGN_ANALYTIC_GEOMETRY_NOT_PHYSX_OR_PHYSICAL_REMOVAL
sphere_r0p30,sphere,0.3,0,same_xx,0,1,0.9423170170856718,PT-DESIGN_ANALYTIC_GEOMETRY_NOT_PHYSX_OR_PHYSICAL_REMOVAL
sphere_r0p30,sphere,0.3,0,same_xx,0,2,0.9086877165299676,PT-DESIGN_ANALYTIC_GEOMETRY_NOT_PHYSX_OR_PHYSICAL_REMOVAL
sphere_r0p30,sphere,0.3,0,same_xx,0,3,0.9423170170856718,PT-DESIGN_ANALYTIC_GEOMETRY_NOT_PHYSX_OR_PHYSICAL_REMOVAL
sphere_r0p30,sphere,0.3,0,same_xx,0,4,0.8418376847984077,PT-DESIGN_ANALYTIC_GEOMETRY_NOT_PHYSX_OR_PHYSICAL_REMOVAL
sphere_r0p30,sphere,0.3,0,same_xx,1,0,1.0015642058733834,PT-DESIGN_ANALYTIC_GEOMETRY_NOT_PHYSX_OR_PHYSICAL_REMOVAL
sphere_r0p30,sphere,0.3,0,same_xx,1,1,1.1534940809621446,PT-DESIGN_ANALYTIC_GEOMETRY_NOT_PHYSX_OR_PHYSICAL_REMOVAL
sphere_r0p30,sphere,0.3,0,same_xx,1,2,1.1048297126392321,PT-DESIGN_ANALYTIC_GEOMETRY_NOT_PHYSX_OR_PHYSICAL_REMOVAL
sphere_r0p30,sphere,0.3,0,same_xx,1,3,1.1534940809621446,PT-DESIGN_ANALYTIC_GEOMETRY_NOT_PHYSX_OR_PHYSICAL_REMOVAL
sphere_r0p30,sphere,0.3,0,same_xx,1,4,1.0015642058733834,PT-DESIGN_ANALYTIC_GEOMETRY_NOT_PHYSX_OR_PHYSICAL_REMOVAL
sphere_r0p30,sphere,0.3,0,same_xx,2,0,0.9697718431845934,PT-DESIGN_ANALYTIC_GEOMETRY_NOT_PHYSX_OR_PHYSICAL_REMOVAL
sphere_r0p30,sphere,0.3,0,same_xx,2,1,1.1065638693066164,PT-DESIGN_ANALYTIC_GEOMETRY_NOT_PHYSX_OR_PHYSICAL_REMOVAL
sphere_r0p30,sphere,0.3,0,same_xx,2,2,1.0634417618007523,PT-DESIGN_ANALYTIC_GEOMETRY_NOT_PHYSX_OR_PHYSICAL_REMOVAL
sphere_r0p30,sphere,0.3,0,same_xx,2,3,1.1065638693066164,PT-DESIGN_ANALYTIC_GEOMETRY_NOT_PHYSX_OR_PHYSICAL_REMOVAL
sphere_r0p30,sphere,0.3,0,same_xx,2,4,0.9697718431845934,PT-DESIGN_ANALYTIC_GEOMETRY_NOT_PHYSX_OR_PHYSICAL_REMOVAL
sphere_r0p30,sphere,0.3,0,same_xx,3,0,1.0015642058733831,PT-DESIGN_ANALYTIC_GEOMETRY_NOT_PHYSX_OR_PHYSICAL_REMOVAL
sphere_r0p30,sphere,0.3,0,same_xx,3,1,1.1534940809621446,PT-DESIGN_ANALYTIC_GEOMETRY_NOT_PHYSX_OR_PHYSICAL_REMOVAL
sphere_r0p30,sphere,0.3,0,same_xx,3,2,1.1048297126392324,PT-DESIGN_ANALYTIC_GEOMETRY_NOT_PHYSX_OR_PHYSICAL_REMOVAL
sphere_r0p30,sphere,0.3,0,same_xx,3,3,1.1534940809621446,PT-DESIGN_ANALYTIC_GEOMETRY_NOT_PHYSX_OR_PHYSICAL_REMOVAL
sphere_r0p30,sphere,0.3,0,same_xx,3,4,1.0015642058733834,PT-DESIGN_ANALYTIC_GEOMETRY_NOT_PHYSX_OR_PHYSICAL_REMOVAL
sphere_r0p30,sphere,0.3,0,same_xx,4,0,0.8418376847984078,PT-DESIGN_ANALYTIC_GEOMETRY_NOT_PHYSX_OR_PHYSICAL_REMOVAL
sphere_r0p30,sphere,0.3,0,same_xx,4,1,0.9423170170856718,PT-DESIGN_ANALYTIC_GEOMETRY_NOT_PHYSX_OR_PHYSICAL_REMOVAL
sphere_r0p30,sphere,0.3,0,same_xx,4,2,0.9086877165299676,PT-DESIGN_ANALYTIC_GEOMETRY_NOT_PHYSX_OR_PHYSICAL_REMOVAL
sphere_r0p30,sphere,0.3,0,same_xx,4,3,0.9423170170856718,PT-DESIGN_ANALYTIC_GEOMETRY_NOT_PHYSX_OR_PHYSICAL_REMOVAL
sphere_r0p30,sphere,0.3,0,same_xx,4,4,0.8418376847984078,PT-DESIGN_ANALYTIC_GEOMETRY_NOT_PHYSX_OR_PHYSICAL_REMOVAL
sphere_r0p30,sphere,0.3,0,cross_xy,0,0,0.8418376847984075,PT-DESIGN_ANALYTIC_GEOMETRY_NOT_PHYSX_OR_PHYSICAL_REMOVAL
sphere_r0p30,sphere,0.3,0,cross_xy,0,1,0.9719406114795275,PT-DESIGN_ANALYTIC_GEOMETRY_NOT_PHYSX_OR_PHYSICAL_REMOVAL
sphere_r0p30,sphere,0.3,0,cross_xy,0,2,0.9392297798572804,PT-DESIGN_ANALYTIC_GEOMETRY_NOT_PHYSX_OR_PHYSICAL_REMOVAL
sphere_r0p30,sphere,0.3,0,cross_xy,0,3,0.9719406114795277,PT-DESIGN_ANALYTIC_GEOMETRY_NOT_PHYSX_OR_PHYSICAL_REMOVAL
sphere_r0p30,sphere,0.3,0,cross_xy,0,4,0.8418376847984078,PT-DESIGN_ANALYTIC_GEOMETRY_NOT_PHYSX_OR_PHYSICAL_REMOVAL
sphere_r0p30,sphere,0.3,0,cross_xy,1,0,0.9719406114795275,PT-DESIGN_ANALYTIC_GEOMETRY_NOT_PHYSX_OR_PHYSICAL_REMOVAL
sphere_r0p30,sphere,0.3,0,cross_xy,1,1,1.1534940809621446,PT-DESIGN_ANALYTIC_GEOMETRY_NOT_PHYSX_OR_PHYSICAL_REMOVAL
sphere_r0p30,sphere,0.3,0,cross_xy,1,2,1.1056967909729243,PT-DESIGN_ANALYTIC_GEOMETRY_NOT_PHYSX_OR_PHYSICAL_REMOVAL
sphere_r0p30,sphere,0.3,0,cross_xy,1,3,1.1534940809621446,PT-DESIGN_ANALYTIC_GEOMETRY_NOT_PHYSX_OR_PHYSICAL_REMOVAL
sphere_r0p30,sphere,0.3,0,cross_xy,1,4,0.9719406114795277,PT-DESIGN_ANALYTIC_GEOMETRY_NOT_PHYSX_OR_PHYSICAL_REMOVAL
sphere_r0p30,sphere,0.3,0,cross_xy,2,0,0.9392297798572804,PT-DESIGN_ANALYTIC_GEOMETRY_NOT_PHYSX_OR_PHYSICAL_REMOVAL
sphere_r0p30,sphere,0.3,0,cross_xy,2,1,1.1056967909729243,PT-DESIGN_ANALYTIC_GEOMETRY_NOT_PHYSX_OR_PHYSICAL_REMOVAL
sphere_r0p30,sphere,0.3,0,cross_xy,2,2,1.0634417618007523,PT-DESIGN_ANALYTIC_GEOMETRY_NOT_PHYSX_OR_PHYSICAL_REMOVAL
sphere_r0p30,sphere,0.3,0,cross_xy,2,3,1.1056967909729243,PT-DESIGN_ANALYTIC_GEOMETRY_NOT_PHYSX_OR_PHYSICAL_REMOVAL
sphere_r0p30,sphere,0.3,0,cross_xy,2,4,0.9392297798572804,PT-DESIGN_ANALYTIC_GEOMETRY_NOT_PHYSX_OR_PHYSICAL_REMOVAL
sphere_r0p30,sphere,0.3,0,cross_xy,3,0,0.9719406114795274,PT-DESIGN_ANALYTIC_GEOMETRY_NOT_PHYSX_OR_PHYSICAL_REMOVAL
sphere_r0p30,sphere,0.3,0,cross_xy,3,1,1.1534940809621446,PT-DESIGN_ANALYTIC_GEOMETRY_NOT_PHYSX_OR_PHYSICAL_REMOVAL
sphere_r0p30,sphere,0.3,0,cross_xy,3,2,1.1056967909729243,PT-DESIGN_ANALYTIC_GEOMETRY_NOT_PHYSX_OR_PHYSICAL_REMOVAL
sphere_r0p30,sphere,0.3,0,cross_xy,3,3,1.1534940809621446,PT-DESIGN_ANALYTIC_GEOMETRY_NOT_PHYSX_OR_PHYSICAL_REMOVAL
sphere_r0p30,sphere,0.3,0,cross_xy,3,4,0.9719406114795277,PT-DESIGN_ANALYTIC_GEOMETRY_NOT_PHYSX_OR_PHYSICAL_REMOVAL
sphere_r0p30,sphere,0.3,0,cross_xy,4,0,0.8418376847984078,PT-DESIGN_ANALYTIC_GEOMETRY_NOT_PHYSX_OR_PHYSICAL_REMOVAL
sphere_r0p30,sphere,0.3,0,cross_xy,4,1,0.9719406114795277,PT-DESIGN_ANALYTIC_GEOMETRY_NOT_PHYSX_OR_PHYSICAL_REMOVAL
sphere_r0p30,sphere,0.3,0,cross_xy,4,2,0.9392297798572804,PT-DESIGN_ANALYTIC_GEOMETRY_NOT_PHYSX_OR_PHYSICAL_REMOVAL
sphere_r0p30,sphere,0.3,0,cross_xy,4,3,0.9719406114795277,PT-DESIGN_ANALYTIC_GEOMETRY_NOT_PHYSX_OR_PHYSICAL_REMOVAL
sphere_r0p30,sphere,0.3,0,cross_xy,4,4,0.8418376847984078,PT-DESIGN_ANALYTIC_GEOMETRY_NOT_PHYSX_OR_PHYSICAL_REMOVAL
sphere_r0p45,sphere,0.45,0,same_xx,0,0,0.8381443425762489,PT-DESIGN_ANALYTIC_GEOMETRY_NOT_PHYSX_OR_PHYSICAL_REMOVAL
sphere_r0p45,sphere,0.45,0,same_xx,0,1,0.932468425268976,PT-DESIGN_ANALYTIC_GEOMETRY_NOT_PHYSX_OR_PHYSICAL_REMOVAL
sphere_r0p45,sphere,0.45,0,same_xx,0,2,0.9196003378843273,PT-DESIGN_ANALYTIC_GEOMETRY_NOT_PHYSX_OR_PHYSICAL_REMOVAL
sphere_r0p45,sphere,0.45,0,same_xx,0,3,0.932468425268976,PT-DESIGN_ANALYTIC_GEOMETRY_NOT_PHYSX_OR_PHYSICAL_REMOVAL
sphere_r0p45,sphere,0.45,0,same_xx,0,4,0.8381443425762489,PT-DESIGN_ANALYTIC_GEOMETRY_NOT_PHYSX_OR_PHYSICAL_REMOVAL
sphere_r0p45,sphere,0.45,0,same_xx,1,0,1.008027733968416,PT-DESIGN_ANALYTIC_GEOMETRY_NOT_PHYSX_OR_PHYSICAL_REMOVAL
sphere_r0p45,sphere,0.45,0,same_xx,1,1,1.1278962168378757,PT-DESIGN_ANALYTIC_GEOMETRY_NOT_PHYSX_OR_PHYSICAL_REMOVAL
sphere_r0p45,sphere,0.45,0,same_xx,1,2,1.1114953162992949,PT-DESIGN_ANALYTIC_GEOMETRY_NOT_PHYSX_OR_PHYSICAL_REMOVAL
sphere_r0p45,sphere,0.45,0,same_xx,1,3,1.1278962168378757,PT-DESIGN_ANALYTIC_GEOMETRY_NOT_PHYSX_OR_PHYSICAL_REMOVAL
sphere_r0p45,sphere,0.45,0,same_xx,1,4,1.008027733968416,PT-DESIGN_ANALYTIC_GEOMETRY_NOT_PHYSX_OR_PHYSICAL_REMOVAL
sphere_r0p45,sphere,0.45,0,same_xx,2,0,0.9954692787573046,PT-DESIGN_ANALYTIC_GEOMETRY_NOT_PHYSX_OR_PHYSICAL_REMOVAL
sphere_r0p45,sphere,0.45,0,same_xx,2,1,1.11216210978467,PT-DESIGN_ANALYTIC_GEOMETRY_NOT_PHYSX_OR_PHYSICAL_REMOVAL
sphere_r0p45,sphere,0.45,0,same_xx,2,2,1.0963990399427395,PT-DESIGN_ANALYTIC_GEOMETRY_NOT_PHYSX_OR_PHYSICAL_REMOVAL
sphere_r0p45,sphere,0.45,0,same_xx,2,3,1.11216210978467,PT-DESIGN_ANALYTIC_GEOMETRY_NOT_PHYSX_OR_PHYSICAL_REMOVAL
sphere_r0p45,sphere,0.45,0,same_xx,2,4,0.9954692787573046,PT-DESIGN_ANALYTIC_GEOMETRY_NOT_PHYSX_OR_PHYSICAL_REMOVAL
sphere_r0p45,sphere,0.45,0,same_xx,3,0,1.008027733968416,PT-DESIGN_ANALYTIC_GEOMETRY_NOT_PHYSX_OR_PHYSICAL_REMOVAL
sphere_r0p45,sphere,0.45,0,same_xx,3,1,1.1278962168378757,PT-DESIGN_ANALYTIC_GEOMETRY_NOT_PHYSX_OR_PHYSICAL_REMOVAL
sphere_r0p45,sphere,0.45,0,same_xx,3,2,1.1114953162992949,PT-DESIGN_ANALYTIC_GEOMETRY_NOT_PHYSX_OR_PHYSICAL_REMOVAL
sphere_r0p45,sphere,0.45,0,same_xx,3,3,1.1278962168378757,PT-DESIGN_ANALYTIC_GEOMETRY_NOT_PHYSX_OR_PHYSICAL_REMOVAL
sphere_r0p45,sphere,0.45,0,same_xx,3,4,1.008027733968416,PT-DESIGN_ANALYTIC_GEOMETRY_NOT_PHYSX_OR_PHYSICAL_REMOVAL
sphere_r0p45,sphere,0.45,0,same_xx,4,0,0.8381443425762488,PT-DESIGN_ANALYTIC_GEOMETRY_NOT_PHYSX_OR_PHYSICAL_REMOVAL
sphere_r0p45,sphere,0.45,0,same_xx,4,1,0.932468425268976,PT-DESIGN_ANALYTIC_GEOMETRY_NOT_PHYSX_OR_PHYSICAL_REMOVAL
sphere_r0p45,sphere,0.45,0,same_xx,4,2,0.9196003378843273,PT-DESIGN_ANALYTIC_GEOMETRY_NOT_PHYSX_OR_PHYSICAL_REMOVAL
sphere_r0p45,sphere,0.45,0,same_xx,4,3,0.9324684252689761,PT-DESIGN_ANALYTIC_GEOMETRY_NOT_PHYSX_OR_PHYSICAL_REMOVAL
sphere_r0p45,sphere,0.45,0,same_xx,4,4,0.8381443425762489,PT-DESIGN_ANALYTIC_GEOMETRY_NOT_PHYSX_OR_PHYSICAL_REMOVAL
sphere_r0p45,sphere,0.45,0,cross_xy,0,0,0.8381443425762488,PT-DESIGN_ANALYTIC_GEOMETRY_NOT_PHYSX_OR_PHYSICAL_REMOVAL
sphere_r0p45,sphere,0.45,0,cross_xy,0,1,0.970248079618696,PT-DESIGN_ANALYTIC_GEOMETRY_NOT_PHYSX_OR_PHYSICAL_REMOVAL
sphere_r0p45,sphere,0.45,0,cross_xy,0,2,0.9575348083208159,PT-DESIGN_ANALYTIC_GEOMETRY_NOT_PHYSX_OR_PHYSICAL_REMOVAL
sphere_r0p45,sphere,0.45,0,cross_xy,0,3,0.970248079618696,PT-DESIGN_ANALYTIC_GEOMETRY_NOT_PHYSX_OR_PHYSICAL_REMOVAL
sphere_r0p45,sphere,0.45,0,cross_xy,0,4,0.8381443425762489,PT-DESIGN_ANALYTIC_GEOMETRY_NOT_PHYSX_OR_PHYSICAL_REMOVAL
sphere_r0p45,sphere,0.45,0,cross_xy,1,0,0.9702480796186961,PT-DESIGN_ANALYTIC_GEOMETRY_NOT_PHYSX_OR_PHYSICAL_REMOVAL
sphere_r0p45,sphere,0.45,0,cross_xy,1,1,1.1278962168378757,PT-DESIGN_ANALYTIC_GEOMETRY_NOT_PHYSX_OR_PHYSICAL_REMOVAL
sphere_r0p45,sphere,0.45,0,cross_xy,1,2,1.1118287130419824,PT-DESIGN_ANALYTIC_GEOMETRY_NOT_PHYSX_OR_PHYSICAL_REMOVAL
sphere_r0p45,sphere,0.45,0,cross_xy,1,3,1.1278962168378757,PT-DESIGN_ANALYTIC_GEOMETRY_NOT_PHYSX_OR_PHYSICAL_REMOVAL
sphere_r0p45,sphere,0.45,0,cross_xy,1,4,0.970248079618696,PT-DESIGN_ANALYTIC_GEOMETRY_NOT_PHYSX_OR_PHYSICAL_REMOVAL
sphere_r0p45,sphere,0.45,0,cross_xy,2,0,0.9575348083208159,PT-DESIGN_ANALYTIC_GEOMETRY_NOT_PHYSX_OR_PHYSICAL_REMOVAL
sphere_r0p45,sphere,0.45,0,cross_xy,2,1,1.1118287130419824,PT-DESIGN_ANALYTIC_GEOMETRY_NOT_PHYSX_OR_PHYSICAL_REMOVAL
sphere_r0p45,sphere,0.45,0,cross_xy,2,2,1.0963990399427395,PT-DESIGN_ANALYTIC_GEOMETRY_NOT_PHYSX_OR_PHYSICAL_REMOVAL
sphere_r0p45,sphere,0.45,0,cross_xy,2,3,1.1118287130419824,PT-DESIGN_ANALYTIC_GEOMETRY_NOT_PHYSX_OR_PHYSICAL_REMOVAL
sphere_r0p45,sphere,0.45,0,cross_xy,2,4,0.957534808320816,PT-DESIGN_ANALYTIC_GEOMETRY_NOT_PHYSX_OR_PHYSICAL_REMOVAL
sphere_r0p45,sphere,0.45,0,cross_xy,3,0,0.970248079618696,PT-DESIGN_ANALYTIC_GEOMETRY_NOT_PHYSX_OR_PHYSICAL_REMOVAL
sphere_r0p45,sphere,0.45,0,cross_xy,3,1,1.1278962168378757,PT-DESIGN_ANALYTIC_GEOMETRY_NOT_PHYSX_OR_PHYSICAL_REMOVAL
sphere_r0p45,sphere,0.45,0,cross_xy,3,2,1.1118287130419824,PT-DESIGN_ANALYTIC_GEOMETRY_NOT_PHYSX_OR_PHYSICAL_REMOVAL
sphere_r0p45,sphere,0.45,0,cross_xy,3,3,1.1278962168378757,PT-DESIGN_ANALYTIC_GEOMETRY_NOT_PHYSX_OR_PHYSICAL_REMOVAL
sphere_r0p45,sphere,0.45,0,cross_xy,3,4,0.9702480796186961,PT-DESIGN_ANALYTIC_GEOMETRY_NOT_PHYSX_OR_PHYSICAL_REMOVAL
sphere_r0p45,sphere,0.45,0,cross_xy,4,0,0.8381443425762489,PT-DESIGN_ANALYTIC_GEOMETRY_NOT_PHYSX_OR_PHYSICAL_REMOVAL
sphere_r0p45,sphere,0.45,0,cross_xy,4,1,0.9702480796186961,PT-DESIGN_ANALYTIC_GEOMETRY_NOT_PHYSX_OR_PHYSICAL_REMOVAL
sphere_r0p45,sphere,0.45,0,cross_xy,4,2,0.957534808320816,PT-DESIGN_ANALYTIC_GEOMETRY_NOT_PHYSX_OR_PHYSICAL_REMOVAL
sphere_r0p45,sphere,0.45,0,cross_xy,4,3,0.9702480796186961,PT-DESIGN_ANALYTIC_GEOMETRY_NOT_PHYSX_OR_PHYSICAL_REMOVAL
sphere_r0p45,sphere,0.45,0,cross_xy,4,4,0.8381443425762489,PT-DESIGN_ANALYTIC_GEOMETRY_NOT_PHYSX_OR_PHYSICAL_REMOVAL
sphere_r0p60,sphere,0.6,0,same_xx,0,0,0.835746996011749,PT-DESIGN_ANALYTIC_GEOMETRY_NOT_PHYSX_OR_PHYSICAL_REMOVAL
sphere_r0p60,sphere,0.6,0,same_xx,0,1,0.9282017730233744,PT-DESIGN_ANALYTIC_GEOMETRY_NOT_PHYSX_OR_PHYSICAL_REMOVAL
sphere_r0p60,sphere,0.6,0,same_xx,0,2,0.9219492718947861,PT-DESIGN_ANALYTIC_GEOMETRY_NOT_PHYSX_OR_PHYSICAL_REMOVAL
sphere_r0p60,sphere,0.6,0,same_xx,0,3,0.9282017730233744,PT-DESIGN_ANALYTIC_GEOMETRY_NOT_PHYSX_OR_PHYSICAL_REMOVAL
sphere_r0p60,sphere,0.6,0,same_xx,0,4,0.835746996011749,PT-DESIGN_ANALYTIC_GEOMETRY_NOT_PHYSX_OR_PHYSICAL_REMOVAL
sphere_r0p60,sphere,0.6,0,same_xx,1,0,1.0095702642707947,PT-DESIGN_ANALYTIC_GEOMETRY_NOT_PHYSX_OR_PHYSICAL_REMOVAL
sphere_r0p60,sphere,0.6,0,same_xx,1,1,1.122352015357768,PT-DESIGN_ANALYTIC_GEOMETRY_NOT_PHYSX_OR_PHYSICAL_REMOVAL
sphere_r0p60,sphere,0.6,0,same_xx,1,2,1.1138552880231705,PT-DESIGN_ANALYTIC_GEOMETRY_NOT_PHYSX_OR_PHYSICAL_REMOVAL
sphere_r0p60,sphere,0.6,0,same_xx,1,3,1.122352015357768,PT-DESIGN_ANALYTIC_GEOMETRY_NOT_PHYSX_OR_PHYSICAL_REMOVAL
sphere_r0p60,sphere,0.6,0,same_xx,1,4,1.0095702642707947,PT-DESIGN_ANALYTIC_GEOMETRY_NOT_PHYSX_OR_PHYSICAL_REMOVAL
sphere_r0p60,sphere,0.6,0,same_xx,2,0,1.0035186519842632,PT-DESIGN_ANALYTIC_GEOMETRY_NOT_PHYSX_OR_PHYSICAL_REMOVAL
sphere_r0p60,sphere,0.6,0,same_xx,2,1,1.11514317848569,PT-DESIGN_ANALYTIC_GEOMETRY_NOT_PHYSX_OR_PHYSICAL_REMOVAL
sphere_r0p60,sphere,0.6,0,same_xx,2,2,1.1075830245694365,PT-DESIGN_ANALYTIC_GEOMETRY_NOT_PHYSX_OR_PHYSICAL_REMOVAL
sphere_r0p60,sphere,0.6,0,same_xx,2,3,1.11514317848569,PT-DESIGN_ANALYTIC_GEOMETRY_NOT_PHYSX_OR_PHYSICAL_REMOVAL
sphere_r0p60,sphere,0.6,0,same_xx,2,4,1.0035186519842632,PT-DESIGN_ANALYTIC_GEOMETRY_NOT_PHYSX_OR_PHYSICAL_REMOVAL
sphere_r0p60,sphere,0.6,0,same_xx,3,0,1.0095702642707947,PT-DESIGN_ANALYTIC_GEOMETRY_NOT_PHYSX_OR_PHYSICAL_REMOVAL
sphere_r0p60,sphere,0.6,0,same_xx,3,1,1.1223520153577677,PT-DESIGN_ANALYTIC_GEOMETRY_NOT_PHYSX_OR_PHYSICAL_REMOVAL
sphere_r0p60,sphere,0.6,0,same_xx,3,2,1.1138552880231705,PT-DESIGN_ANALYTIC_GEOMETRY_NOT_PHYSX_OR_PHYSICAL_REMOVAL
sphere_r0p60,sphere,0.6,0,same_xx,3,3,1.122352015357768,PT-DESIGN_ANALYTIC_GEOMETRY_NOT_PHYSX_OR_PHYSICAL_REMOVAL
sphere_r0p60,sphere,0.6,0,same_xx,3,4,1.0095702642707947,PT-DESIGN_ANALYTIC_GEOMETRY_NOT_PHYSX_OR_PHYSICAL_REMOVAL
sphere_r0p60,sphere,0.6,0,same_xx,4,0,0.835746996011749,PT-DESIGN_ANALYTIC_GEOMETRY_NOT_PHYSX_OR_PHYSICAL_REMOVAL
sphere_r0p60,sphere,0.6,0,same_xx,4,1,0.9282017730233746,PT-DESIGN_ANALYTIC_GEOMETRY_NOT_PHYSX_OR_PHYSICAL_REMOVAL
sphere_r0p60,sphere,0.6,0,same_xx,4,2,0.9219492718947861,PT-DESIGN_ANALYTIC_GEOMETRY_NOT_PHYSX_OR_PHYSICAL_REMOVAL
sphere_r0p60,sphere,0.6,0,same_xx,4,3,0.9282017730233746,PT-DESIGN_ANALYTIC_GEOMETRY_NOT_PHYSX_OR_PHYSICAL_REMOVAL
sphere_r0p60,sphere,0.6,0,same_xx,4,4,0.835746996011749,PT-DESIGN_ANALYTIC_GEOMETRY_NOT_PHYSX_OR_PHYSICAL_REMOVAL
sphere_r0p60,sphere,0.6,0,cross_xy,0,0,0.835746996011749,PT-DESIGN_ANALYTIC_GEOMETRY_NOT_PHYSX_OR_PHYSICAL_REMOVAL
sphere_r0p60,sphere,0.6,0,cross_xy,0,1,0.9688860186470845,PT-DESIGN_ANALYTIC_GEOMETRY_NOT_PHYSX_OR_PHYSICAL_REMOVAL
sphere_r0p60,sphere,0.6,0,cross_xy,0,2,0.9627339619395247,PT-DESIGN_ANALYTIC_GEOMETRY_NOT_PHYSX_OR_PHYSICAL_REMOVAL
sphere_r0p60,sphere,0.6,0,cross_xy,0,3,0.9688860186470845,PT-DESIGN_ANALYTIC_GEOMETRY_NOT_PHYSX_OR_PHYSICAL_REMOVAL
sphere_r0p60,sphere,0.6,0,cross_xy,0,4,0.8357469960117492,PT-DESIGN_ANALYTIC_GEOMETRY_NOT_PHYSX_OR_PHYSICAL_REMOVAL
sphere_r0p60,sphere,0.6,0,cross_xy,1,0,0.9688860186470845,PT-DESIGN_ANALYTIC_GEOMETRY_NOT_PHYSX_OR_PHYSICAL_REMOVAL
sphere_r0p60,sphere,0.6,0,cross_xy,1,1,1.1223520153577682,PT-DESIGN_ANALYTIC_GEOMETRY_NOT_PHYSX_OR_PHYSICAL_REMOVAL
sphere_r0p60,sphere,0.6,0,cross_xy,1,2,1.1144992332544303,PT-DESIGN_ANALYTIC_GEOMETRY_NOT_PHYSX_OR_PHYSICAL_REMOVAL
sphere_r0p60,sphere,0.6,0,cross_xy,1,3,1.1223520153577682,PT-DESIGN_ANALYTIC_GEOMETRY_NOT_PHYSX_OR_PHYSICAL_REMOVAL
sphere_r0p60,sphere,0.6,0,cross_xy,1,4,0.9688860186470845,PT-DESIGN_ANALYTIC_GEOMETRY_NOT_PHYSX_OR_PHYSICAL_REMOVAL
sphere_r0p60,sphere,0.6,0,cross_xy,2,0,0.9627339619395247,PT-DESIGN_ANALYTIC_GEOMETRY_NOT_PHYSX_OR_PHYSICAL_REMOVAL
sphere_r0p60,sphere,0.6,0,cross_xy,2,1,1.1144992332544303,PT-DESIGN_ANALYTIC_GEOMETRY_NOT_PHYSX_OR_PHYSICAL_REMOVAL
sphere_r0p60,sphere,0.6,0,cross_xy,2,2,1.1075830245694365,PT-DESIGN_ANALYTIC_GEOMETRY_NOT_PHYSX_OR_PHYSICAL_REMOVAL
sphere_r0p60,sphere,0.6,0,cross_xy,2,3,1.1144992332544303,PT-DESIGN_ANALYTIC_GEOMETRY_NOT_PHYSX_OR_PHYSICAL_REMOVAL
sphere_r0p60,sphere,0.6,0,cross_xy,2,4,0.962733961939525,PT-DESIGN_ANALYTIC_GEOMETRY_NOT_PHYSX_OR_PHYSICAL_REMOVAL
sphere_r0p60,sphere,0.6,0,cross_xy,3,0,0.9688860186470845,PT-DESIGN_ANALYTIC_GEOMETRY_NOT_PHYSX_OR_PHYSICAL_REMOVAL
sphere_r0p60,sphere,0.6,0,cross_xy,3,1,1.1223520153577682,PT-DESIGN_ANALYTIC_GEOMETRY_NOT_PHYSX_OR_PHYSICAL_REMOVAL
sphere_r0p60,sphere,0.6,0,cross_xy,3,2,1.1144992332544303,PT-DESIGN_ANALYTIC_GEOMETRY_NOT_PHYSX_OR_PHYSICAL_REMOVAL
sphere_r0p60,sphere,0.6,0,cross_xy,3,3,1.1223520153577682,PT-DESIGN_ANALYTIC_GEOMETRY_NOT_PHYSX_OR_PHYSICAL_REMOVAL
sphere_r0p60,sphere,0.6,0,cross_xy,3,4,0.9688860186470847,PT-DESIGN_ANALYTIC_GEOMETRY_NOT_PHYSX_OR_PHYSICAL_REMOVAL
sphere_r0p60,sphere,0.6,0,cross_xy,4,0,0.8357469960117492,PT-DESIGN_ANALYTIC_GEOMETRY_NOT_PHYSX_OR_PHYSICAL_REMOVAL
sphere_r0p60,sphere,0.6,0,cross_xy,4,1,0.9688860186470847,PT-DESIGN_ANALYTIC_GEOMETRY_NOT_PHYSX_OR_PHYSICAL_REMOVAL
sphere_r0p60,sphere,0.6,0,cross_xy,4,2,0.962733961939525,PT-DESIGN_ANALYTIC_GEOMETRY_NOT_PHYSX_OR_PHYSICAL_REMOVAL
sphere_r0p60,sphere,0.6,0,cross_xy,4,3,0.9688860186470847,PT-DESIGN_ANALYTIC_GEOMETRY_NOT_PHYSX_OR_PHYSICAL_REMOVAL
sphere_r0p60,sphere,0.6,0,cross_xy,4,4,0.8357469960117493,PT-DESIGN_ANALYTIC_GEOMETRY_NOT_PHYSX_OR_PHYSICAL_REMOVAL
sphere_r1p00,sphere,1.0,0,same_xx,0,0,0.8328465630171017,PT-DESIGN_ANALYTIC_GEOMETRY_NOT_PHYSX_OR_PHYSICAL_REMOVAL
sphere_r1p00,sphere,1.0,0,same_xx,0,1,0.925563106936903,PT-DESIGN_ANALYTIC_GEOMETRY_NOT_PHYSX_OR_PHYSICAL_REMOVAL
sphere_r1p00,sphere,1.0,0,same_xx,0,2,0.92287220373818,PT-DESIGN_ANALYTIC_GEOMETRY_NOT_PHYSX_OR_PHYSICAL_REMOVAL
sphere_r1p00,sphere,1.0,0,same_xx,0,3,0.925563106936903,PT-DESIGN_ANALYTIC_GEOMETRY_NOT_PHYSX_OR_PHYSICAL_REMOVAL
sphere_r1p00,sphere,1.0,0,same_xx,0,4,0.8328465630171018,PT-DESIGN_ANALYTIC_GEOMETRY_NOT_PHYSX_OR_PHYSICAL_REMOVAL
sphere_r1p00,sphere,1.0,0,same_xx,1,0,1.0100585400001694,PT-DESIGN_ANALYTIC_GEOMETRY_NOT_PHYSX_OR_PHYSICAL_REMOVAL
sphere_r1p00,sphere,1.0,0,same_xx,1,1,1.1191778662243799,PT-DESIGN_ANALYTIC_GEOMETRY_NOT_PHYSX_OR_PHYSICAL_REMOVAL
sphere_r1p00,sphere,1.0,0,same_xx,1,2,1.1154160443022156,PT-DESIGN_ANALYTIC_GEOMETRY_NOT_PHYSX_OR_PHYSICAL_REMOVAL
sphere_r1p00,sphere,1.0,0,same_xx,1,3,1.11917786622438,PT-DESIGN_ANALYTIC_GEOMETRY_NOT_PHYSX_OR_PHYSICAL_REMOVAL
sphere_r1p00,sphere,1.0,0,same_xx,1,4,1.0100585400001694,PT-DESIGN_ANALYTIC_GEOMETRY_NOT_PHYSX_OR_PHYSICAL_REMOVAL
sphere_r1p00,sphere,1.0,0,same_xx,2,0,1.0097917495731568,PT-DESIGN_ANALYTIC_GEOMETRY_NOT_PHYSX_OR_PHYSICAL_REMOVAL
sphere_r1p00,sphere,1.0,0,same_xx,2,1,1.118520602308922,PT-DESIGN_ANALYTIC_GEOMETRY_NOT_PHYSX_OR_PHYSICAL_REMOVAL
sphere_r1p00,sphere,1.0,0,same_xx,2,2,1.1162144954408364,PT-DESIGN_ANALYTIC_GEOMETRY_NOT_PHYSX_OR_PHYSICAL_REMOVAL
sphere_r1p00,sphere,1.0,0,same_xx,2,3,1.118520602308922,PT-DESIGN_ANALYTIC_GEOMETRY_NOT_PHYSX_OR_PHYSICAL_REMOVAL
sphere_r1p00,sphere,1.0,0,same_xx,2,4,1.009791749573157,PT-DESIGN_ANALYTIC_GEOMETRY_NOT_PHYSX_OR_PHYSICAL_REMOVAL
sphere_r1p00,sphere,1.0,0,same_xx,3,0,1.0100585400001691,PT-DESIGN_ANALYTIC_GEOMETRY_NOT_PHYSX_OR_PHYSICAL_REMOVAL
sphere_r1p00,sphere,1.0,0,same_xx,3,1,1.1191778662243799,PT-DESIGN_ANALYTIC_GEOMETRY_NOT_PHYSX_OR_PHYSICAL_REMOVAL
sphere_r1p00,sphere,1.0,0,same_xx,3,2,1.1154160443022156,PT-DESIGN_ANALYTIC_GEOMETRY_NOT_PHYSX_OR_PHYSICAL_REMOVAL
sphere_r1p00,sphere,1.0,0,same_xx,3,3,1.11917786622438,PT-DESIGN_ANALYTIC_GEOMETRY_NOT_PHYSX_OR_PHYSICAL_REMOVAL
sphere_r1p00,sphere,1.0,0,same_xx,3,4,1.0100585400001694,PT-DESIGN_ANALYTIC_GEOMETRY_NOT_PHYSX_OR_PHYSICAL_REMOVAL
sphere_r1p00,sphere,1.0,0,same_xx,4,0,0.8328465630171017,PT-DESIGN_ANALYTIC_GEOMETRY_NOT_PHYSX_OR_PHYSICAL_REMOVAL
sphere_r1p00,sphere,1.0,0,same_xx,4,1,0.925563106936903,PT-DESIGN_ANALYTIC_GEOMETRY_NOT_PHYSX_OR_PHYSICAL_REMOVAL
sphere_r1p00,sphere,1.0,0,same_xx,4,2,0.9228722037381801,PT-DESIGN_ANALYTIC_GEOMETRY_NOT_PHYSX_OR_PHYSICAL_REMOVAL
sphere_r1p00,sphere,1.0,0,same_xx,4,3,0.925563106936903,PT-DESIGN_ANALYTIC_GEOMETRY_NOT_PHYSX_OR_PHYSICAL_REMOVAL
sphere_r1p00,sphere,1.0,0,same_xx,4,4,0.8328465630171018,PT-DESIGN_ANALYTIC_GEOMETRY_NOT_PHYSX_OR_PHYSICAL_REMOVAL
sphere_r1p00,sphere,1.0,0,cross_xy,0,0,0.8328465630171015,PT-DESIGN_ANALYTIC_GEOMETRY_NOT_PHYSX_OR_PHYSICAL_REMOVAL
sphere_r1p00,sphere,1.0,0,cross_xy,0,1,0.967810823468536,PT-DESIGN_ANALYTIC_GEOMETRY_NOT_PHYSX_OR_PHYSICAL_REMOVAL
sphere_r1p00,sphere,1.0,0,cross_xy,0,2,0.9663319766556683,PT-DESIGN_ANALYTIC_GEOMETRY_NOT_PHYSX_OR_PHYSICAL_REMOVAL
sphere_r1p00,sphere,1.0,0,cross_xy,0,3,0.967810823468536,PT-DESIGN_ANALYTIC_GEOMETRY_NOT_PHYSX_OR_PHYSICAL_REMOVAL
sphere_r1p00,sphere,1.0,0,cross_xy,0,4,0.8328465630171016,PT-DESIGN_ANALYTIC_GEOMETRY_NOT_PHYSX_OR_PHYSICAL_REMOVAL
sphere_r1p00,sphere,1.0,0,cross_xy,1,0,0.967810823468536,PT-DESIGN_ANALYTIC_GEOMETRY_NOT_PHYSX_OR_PHYSICAL_REMOVAL
sphere_r1p00,sphere,1.0,0,cross_xy,1,1,1.1191778662243796,PT-DESIGN_ANALYTIC_GEOMETRY_NOT_PHYSX_OR_PHYSICAL_REMOVAL
sphere_r1p00,sphere,1.0,0,cross_xy,1,2,1.1169683233055685,PT-DESIGN_ANALYTIC_GEOMETRY_NOT_PHYSX_OR_PHYSICAL_REMOVAL
sphere_r1p00,sphere,1.0,0,cross_xy,1,3,1.1191778662243796,PT-DESIGN_ANALYTIC_GEOMETRY_NOT_PHYSX_OR_PHYSICAL_REMOVAL
sphere_r1p00,sphere,1.0,0,cross_xy,1,4,0.967810823468536,PT-DESIGN_ANALYTIC_GEOMETRY_NOT_PHYSX_OR_PHYSICAL_REMOVAL
sphere_r1p00,sphere,1.0,0,cross_xy,2,0,0.9663319766556683,PT-DESIGN_ANALYTIC_GEOMETRY_NOT_PHYSX_OR_PHYSICAL_REMOVAL
sphere_r1p00,sphere,1.0,0,cross_xy,2,1,1.1169683233055685,PT-DESIGN_ANALYTIC_GEOMETRY_NOT_PHYSX_OR_PHYSICAL_REMOVAL
sphere_r1p00,sphere,1.0,0,cross_xy,2,2,1.1162144954408362,PT-DESIGN_ANALYTIC_GEOMETRY_NOT_PHYSX_OR_PHYSICAL_REMOVAL
sphere_r1p00,sphere,1.0,0,cross_xy,2,3,1.1169683233055687,PT-DESIGN_ANALYTIC_GEOMETRY_NOT_PHYSX_OR_PHYSICAL_REMOVAL
sphere_r1p00,sphere,1.0,0,cross_xy,2,4,0.9663319766556683,PT-DESIGN_ANALYTIC_GEOMETRY_NOT_PHYSX_OR_PHYSICAL_REMOVAL
sphere_r1p00,sphere,1.0,0,cross_xy,3,0,0.9678108234685361,PT-DESIGN_ANALYTIC_GEOMETRY_NOT_PHYSX_OR_PHYSICAL_REMOVAL
sphere_r1p00,sphere,1.0,0,cross_xy,3,1,1.1191778662243796,PT-DESIGN_ANALYTIC_GEOMETRY_NOT_PHYSX_OR_PHYSICAL_REMOVAL
sphere_r1p00,sphere,1.0,0,cross_xy,3,2,1.1169683233055687,PT-DESIGN_ANALYTIC_GEOMETRY_NOT_PHYSX_OR_PHYSICAL_REMOVAL
sphere_r1p00,sphere,1.0,0,cross_xy,3,3,1.1191778662243796,PT-DESIGN_ANALYTIC_GEOMETRY_NOT_PHYSX_OR_PHYSICAL_REMOVAL
sphere_r1p00,sphere,1.0,0,cross_xy,3,4,0.9678108234685362,PT-DESIGN_ANALYTIC_GEOMETRY_NOT_PHYSX_OR_PHYSICAL_REMOVAL
sphere_r1p00,sphere,1.0,0,cross_xy,4,0,0.8328465630171016,PT-DESIGN_ANALYTIC_GEOMETRY_NOT_PHYSX_OR_PHYSICAL_REMOVAL
sphere_r1p00,sphere,1.0,0,cross_xy,4,1,0.9678108234685361,PT-DESIGN_ANALYTIC_GEOMETRY_NOT_PHYSX_OR_PHYSICAL_REMOVAL
sphere_r1p00,sphere,1.0,0,cross_xy,4,2,0.9663319766556684,PT-DESIGN_ANALYTIC_GEOMETRY_NOT_PHYSX_OR_PHYSICAL_REMOVAL
sphere_r1p00,sphere,1.0,0,cross_xy,4,3,0.9678108234685361,PT-DESIGN_ANALYTIC_GEOMETRY_NOT_PHYSX_OR_PHYSICAL_REMOVAL
sphere_r1p00,sphere,1.0,0,cross_xy,4,4,0.8328465630171017,PT-DESIGN_ANALYTIC_GEOMETRY_NOT_PHYSX_OR_PHYSICAL_REMOVAL
freeform_s0,freeform,0.6,0,same_xx,0,0,0.8315234616996104,PT-DESIGN_ANALYTIC_GEOMETRY_NOT_PHYSX_OR_PHYSICAL_REMOVAL
freeform_s0,freeform,0.6,0,same_xx,0,1,0.9243155020944763,PT-DESIGN_ANALYTIC_GEOMETRY_NOT_PHYSX_OR_PHYSICAL_REMOVAL
freeform_s0,freeform,0.6,0,same_xx,0,2,0.9239529781881396,PT-DESIGN_ANALYTIC_GEOMETRY_NOT_PHYSX_OR_PHYSICAL_REMOVAL
freeform_s0,freeform,0.6,0,same_xx,0,3,0.9241461337254588,PT-DESIGN_ANALYTIC_GEOMETRY_NOT_PHYSX_OR_PHYSICAL_REMOVAL
freeform_s0,freeform,0.6,0,same_xx,0,4,0.8314282815180625,PT-DESIGN_ANALYTIC_GEOMETRY_NOT_PHYSX_OR_PHYSICAL_REMOVAL
freeform_s0,freeform,0.6,0,same_xx,1,0,1.0102967602018003,PT-DESIGN_ANALYTIC_GEOMETRY_NOT_PHYSX_OR_PHYSICAL_REMOVAL
freeform_s0,freeform,0.6,0,same_xx,1,1,1.1175774899157371,PT-DESIGN_ANALYTIC_GEOMETRY_NOT_PHYSX_OR_PHYSICAL_REMOVAL
freeform_s0,freeform,0.6,0,same_xx,1,2,1.1171889050447665,PT-DESIGN_ANALYTIC_GEOMETRY_NOT_PHYSX_OR_PHYSICAL_REMOVAL
freeform_s0,freeform,0.6,0,same_xx,1,3,1.117511632505457,PT-DESIGN_ANALYTIC_GEOMETRY_NOT_PHYSX_OR_PHYSICAL_REMOVAL
freeform_s0,freeform,0.6,0,same_xx,1,4,1.0102021771946952,PT-DESIGN_ANALYTIC_GEOMETRY_NOT_PHYSX_OR_PHYSICAL_REMOVAL
freeform_s0,freeform,0.6,0,same_xx,2,0,1.0122782182891923,PT-DESIGN_ANALYTIC_GEOMETRY_NOT_PHYSX_OR_PHYSICAL_REMOVAL
freeform_s0,freeform,0.6,0,same_xx,2,1,1.11984015331531,PT-DESIGN_ANALYTIC_GEOMETRY_NOT_PHYSX_OR_PHYSICAL_REMOVAL
freeform_s0,freeform,0.6,0,same_xx,2,2,1.1191089501867844,PT-DESIGN_ANALYTIC_GEOMETRY_NOT_PHYSX_OR_PHYSICAL_REMOVAL
freeform_s0,freeform,0.6,0,same_xx,2,3,1.1195914785564491,PT-DESIGN_ANALYTIC_GEOMETRY_NOT_PHYSX_OR_PHYSICAL_REMOVAL
freeform_s0,freeform,0.6,0,same_xx,2,4,1.012199976594629,PT-DESIGN_ANALYTIC_GEOMETRY_NOT_PHYSX_OR_PHYSICAL_REMOVAL
freeform_s0,freeform,0.6,0,same_xx,3,0,1.0103212713347254,PT-DESIGN_ANALYTIC_GEOMETRY_NOT_PHYSX_OR_PHYSICAL_REMOVAL
freeform_s0,freeform,0.6,0,same_xx,3,1,1.1178448522728213,PT-DESIGN_ANALYTIC_GEOMETRY_NOT_PHYSX_OR_PHYSICAL_REMOVAL
freeform_s0,freeform,0.6,0,same_xx,3,2,1.1174625772714535,PT-DESIGN_ANALYTIC_GEOMETRY_NOT_PHYSX_OR_PHYSICAL_REMOVAL
freeform_s0,freeform,0.6,0,same_xx,3,3,1.117572193609994,PT-DESIGN_ANALYTIC_GEOMETRY_NOT_PHYSX_OR_PHYSICAL_REMOVAL
freeform_s0,freeform,0.6,0,same_xx,3,4,1.010158162644236,PT-DESIGN_ANALYTIC_GEOMETRY_NOT_PHYSX_OR_PHYSICAL_REMOVAL
freeform_s0,freeform,0.6,0,same_xx,4,0,0.831421953570226,PT-DESIGN_ANALYTIC_GEOMETRY_NOT_PHYSX_OR_PHYSICAL_REMOVAL
freeform_s0,freeform,0.6,0,same_xx,4,1,0.9243868185128363,PT-DESIGN_ANALYTIC_GEOMETRY_NOT_PHYSX_OR_PHYSICAL_REMOVAL
freeform_s0,freeform,0.6,0,same_xx,4,2,0.9240843657158746,PT-DESIGN_ANALYTIC_GEOMETRY_NOT_PHYSX_OR_PHYSICAL_REMOVAL
freeform_s0,freeform,0.6,0,same_xx,4,3,0.9241447133308073,PT-DESIGN_ANALYTIC_GEOMETRY_NOT_PHYSX_OR_PHYSICAL_REMOVAL
freeform_s0,freeform,0.6,0,same_xx,4,4,0.8314409927064608,PT-DESIGN_ANALYTIC_GEOMETRY_NOT_PHYSX_OR_PHYSICAL_REMOVAL
freeform_s0,freeform,0.6,0,cross_xy,0,0,0.8316201013203581,PT-DESIGN_ANALYTIC_GEOMETRY_NOT_PHYSX_OR_PHYSICAL_REMOVAL
freeform_s0,freeform,0.6,0,cross_xy,0,1,0.9673558071123352,PT-DESIGN_ANALYTIC_GEOMETRY_NOT_PHYSX_OR_PHYSICAL_REMOVAL
freeform_s0,freeform,0.6,0,cross_xy,0,2,0.9680947545531144,PT-DESIGN_ANALYTIC_GEOMETRY_NOT_PHYSX_OR_PHYSICAL_REMOVAL
freeform_s0,freeform,0.6,0,cross_xy,0,3,0.9671838220529849,PT-DESIGN_ANALYTIC_GEOMETRY_NOT_PHYSX_OR_PHYSICAL_REMOVAL
freeform_s0,freeform,0.6,0,cross_xy,0,4,0.8314701734132381,PT-DESIGN_ANALYTIC_GEOMETRY_NOT_PHYSX_OR_PHYSICAL_REMOVAL
freeform_s0,freeform,0.6,0,cross_xy,1,0,0.9672187019727246,PT-DESIGN_ANALYTIC_GEOMETRY_NOT_PHYSX_OR_PHYSICAL_REMOVAL
freeform_s0,freeform,0.6,0,cross_xy,1,1,1.1173822149317685,PT-DESIGN_ANALYTIC_GEOMETRY_NOT_PHYSX_OR_PHYSICAL_REMOVAL
freeform_s0,freeform,0.6,0,cross_xy,1,2,1.1182128037750891,PT-DESIGN_ANALYTIC_GEOMETRY_NOT_PHYSX_OR_PHYSICAL_REMOVAL
freeform_s0,freeform,0.6,0,cross_xy,1,3,1.1174454459793404,PT-DESIGN_ANALYTIC_GEOMETRY_NOT_PHYSX_OR_PHYSICAL_REMOVAL
freeform_s0,freeform,0.6,0,cross_xy,1,4,0.9671871677354069,PT-DESIGN_ANALYTIC_GEOMETRY_NOT_PHYSX_OR_PHYSICAL_REMOVAL
freeform_s0,freeform,0.6,0,cross_xy,2,0,0.9680988817809868,PT-DESIGN_ANALYTIC_GEOMETRY_NOT_PHYSX_OR_PHYSICAL_REMOVAL
freeform_s0,freeform,0.6,0,cross_xy,2,1,1.1185146638017536,PT-DESIGN_ANALYTIC_GEOMETRY_NOT_PHYSX_OR_PHYSICAL_REMOVAL
freeform_s0,freeform,0.6,0,cross_xy,2,2,1.1191283689361384,PT-DESIGN_ANALYTIC_GEOMETRY_NOT_PHYSX_OR_PHYSICAL_REMOVAL
freeform_s0,freeform,0.6,0,cross_xy,2,3,1.1184645783145217,PT-DESIGN_ANALYTIC_GEOMETRY_NOT_PHYSX_OR_PHYSICAL_REMOVAL
freeform_s0,freeform,0.6,0,cross_xy,2,4,0.9681185634896109,PT-DESIGN_ANALYTIC_GEOMETRY_NOT_PHYSX_OR_PHYSICAL_REMOVAL
freeform_s0,freeform,0.6,0,cross_xy,3,0,0.9674045264093032,PT-DESIGN_ANALYTIC_GEOMETRY_NOT_PHYSX_OR_PHYSICAL_REMOVAL
freeform_s0,freeform,0.6,0,cross_xy,3,1,1.1179209218361335,PT-DESIGN_ANALYTIC_GEOMETRY_NOT_PHYSX_OR_PHYSICAL_REMOVAL
freeform_s0,freeform,0.6,0,cross_xy,3,2,1.1187106175363477,PT-DESIGN_ANALYTIC_GEOMETRY_NOT_PHYSX_OR_PHYSICAL_REMOVAL
freeform_s0,freeform,0.6,0,cross_xy,3,3,1.1176974111344586,PT-DESIGN_ANALYTIC_GEOMETRY_NOT_PHYSX_OR_PHYSICAL_REMOVAL
freeform_s0,freeform,0.6,0,cross_xy,3,4,0.9672722486897952,PT-DESIGN_ANALYTIC_GEOMETRY_NOT_PHYSX_OR_PHYSICAL_REMOVAL
freeform_s0,freeform,0.6,0,cross_xy,4,0,0.8314438479375079,PT-DESIGN_ANALYTIC_GEOMETRY_NOT_PHYSX_OR_PHYSICAL_REMOVAL
freeform_s0,freeform,0.6,0,cross_xy,4,1,0.9672759373302281,PT-DESIGN_ANALYTIC_GEOMETRY_NOT_PHYSX_OR_PHYSICAL_REMOVAL
freeform_s0,freeform,0.6,0,cross_xy,4,2,0.9681400886999054,PT-DESIGN_ANALYTIC_GEOMETRY_NOT_PHYSX_OR_PHYSICAL_REMOVAL
freeform_s0,freeform,0.6,0,cross_xy,4,3,0.967172207427296,PT-DESIGN_ANALYTIC_GEOMETRY_NOT_PHYSX_OR_PHYSICAL_REMOVAL
freeform_s0,freeform,0.6,0,cross_xy,4,4,0.8314661438296569,PT-DESIGN_ANALYTIC_GEOMETRY_NOT_PHYSX_OR_PHYSICAL_REMOVAL
freeform_s1,freeform,0.6,1,same_xx,0,0,0.8316350369261207,PT-DESIGN_ANALYTIC_GEOMETRY_NOT_PHYSX_OR_PHYSICAL_REMOVAL
freeform_s1,freeform,0.6,1,same_xx,0,1,0.9242792909531885,PT-DESIGN_ANALYTIC_GEOMETRY_NOT_PHYSX_OR_PHYSICAL_REMOVAL
freeform_s1,freeform,0.6,1,same_xx,0,2,0.9238287121681119,PT-DESIGN_ANALYTIC_GEOMETRY_NOT_PHYSX_OR_PHYSICAL_REMOVAL
freeform_s1,freeform,0.6,1,same_xx,0,3,0.9242731333157077,PT-DESIGN_ANALYTIC_GEOMETRY_NOT_PHYSX_OR_PHYSICAL_REMOVAL
freeform_s1,freeform,0.6,1,same_xx,0,4,0.831717299236436,PT-DESIGN_ANALYTIC_GEOMETRY_NOT_PHYSX_OR_PHYSICAL_REMOVAL
freeform_s1,freeform,0.6,1,same_xx,1,0,1.0102334356079725,PT-DESIGN_ANALYTIC_GEOMETRY_NOT_PHYSX_OR_PHYSICAL_REMOVAL
freeform_s1,freeform,0.6,1,same_xx,1,1,1.1175858827626424,PT-DESIGN_ANALYTIC_GEOMETRY_NOT_PHYSX_OR_PHYSICAL_REMOVAL
freeform_s1,freeform,0.6,1,same_xx,1,2,1.117206535744576,PT-DESIGN_ANALYTIC_GEOMETRY_NOT_PHYSX_OR_PHYSICAL_REMOVAL
freeform_s1,freeform,0.6,1,same_xx,1,3,1.1176263579776662,PT-DESIGN_ANALYTIC_GEOMETRY_NOT_PHYSX_OR_PHYSICAL_REMOVAL
freeform_s1,freeform,0.6,1,same_xx,1,4,1.0103400955251418,PT-DESIGN_ANALYTIC_GEOMETRY_NOT_PHYSX_OR_PHYSICAL_REMOVAL
freeform_s1,freeform,0.6,1,same_xx,2,0,1.0122673466669017,PT-DESIGN_ANALYTIC_GEOMETRY_NOT_PHYSX_OR_PHYSICAL_REMOVAL
freeform_s1,freeform,0.6,1,same_xx,2,1,1.1196790424987422,PT-DESIGN_ANALYTIC_GEOMETRY_NOT_PHYSX_OR_PHYSICAL_REMOVAL
freeform_s1,freeform,0.6,1,same_xx,2,2,1.1189127740093108,PT-DESIGN_ANALYTIC_GEOMETRY_NOT_PHYSX_OR_PHYSICAL_REMOVAL
freeform_s1,freeform,0.6,1,same_xx,2,3,1.1196512183333913,PT-DESIGN_ANALYTIC_GEOMETRY_NOT_PHYSX_OR_PHYSICAL_REMOVAL
freeform_s1,freeform,0.6,1,same_xx,2,4,1.0122622416564233,PT-DESIGN_ANALYTIC_GEOMETRY_NOT_PHYSX_OR_PHYSICAL_REMOVAL
freeform_s1,freeform,0.6,1,same_xx,3,0,1.0102304844065138,PT-DESIGN_ANALYTIC_GEOMETRY_NOT_PHYSX_OR_PHYSICAL_REMOVAL
freeform_s1,freeform,0.6,1,same_xx,3,1,1.1176013367048427,PT-DESIGN_ANALYTIC_GEOMETRY_NOT_PHYSX_OR_PHYSICAL_REMOVAL
freeform_s1,freeform,0.6,1,same_xx,3,2,1.1173088077073563,PT-DESIGN_ANALYTIC_GEOMETRY_NOT_PHYSX_OR_PHYSICAL_REMOVAL
freeform_s1,freeform,0.6,1,same_xx,3,3,1.1176116977000958,PT-DESIGN_ANALYTIC_GEOMETRY_NOT_PHYSX_OR_PHYSICAL_REMOVAL
freeform_s1,freeform,0.6,1,same_xx,3,4,1.0102170927268412,PT-DESIGN_ANALYTIC_GEOMETRY_NOT_PHYSX_OR_PHYSICAL_REMOVAL
freeform_s1,freeform,0.6,1,same_xx,4,0,0.8314626750657763,PT-DESIGN_ANALYTIC_GEOMETRY_NOT_PHYSX_OR_PHYSICAL_REMOVAL
freeform_s1,freeform,0.6,1,same_xx,4,1,0.9242376389906762,PT-DESIGN_ANALYTIC_GEOMETRY_NOT_PHYSX_OR_PHYSICAL_REMOVAL
freeform_s1,freeform,0.6,1,same_xx,4,2,0.9241697897358041,PT-DESIGN_ANALYTIC_GEOMETRY_NOT_PHYSX_OR_PHYSICAL_REMOVAL
freeform_s1,freeform,0.6,1,same_xx,4,3,0.9241984057424224,PT-DESIGN_ANALYTIC_GEOMETRY_NOT_PHYSX_OR_PHYSICAL_REMOVAL
freeform_s1,freeform,0.6,1,same_xx,4,4,0.8314636678373407,PT-DESIGN_ANALYTIC_GEOMETRY_NOT_PHYSX_OR_PHYSICAL_REMOVAL
freeform_s1,freeform,0.6,1,cross_xy,0,0,0.831566844233505,PT-DESIGN_ANALYTIC_GEOMETRY_NOT_PHYSX_OR_PHYSICAL_REMOVAL
freeform_s1,freeform,0.6,1,cross_xy,0,1,0.967275249692804,PT-DESIGN_ANALYTIC_GEOMETRY_NOT_PHYSX_OR_PHYSICAL_REMOVAL
freeform_s1,freeform,0.6,1,cross_xy,0,2,0.9681088013053827,PT-DESIGN_ANALYTIC_GEOMETRY_NOT_PHYSX_OR_PHYSICAL_REMOVAL
freeform_s1,freeform,0.6,1,cross_xy,0,3,0.9672740989162395,PT-DESIGN_ANALYTIC_GEOMETRY_NOT_PHYSX_OR_PHYSICAL_REMOVAL
freeform_s1,freeform,0.6,1,cross_xy,0,4,0.8316465954474378,PT-DESIGN_ANALYTIC_GEOMETRY_NOT_PHYSX_OR_PHYSICAL_REMOVAL
freeform_s1,freeform,0.6,1,cross_xy,1,0,0.9672522358759048,PT-DESIGN_ANALYTIC_GEOMETRY_NOT_PHYSX_OR_PHYSICAL_REMOVAL
freeform_s1,freeform,0.6,1,cross_xy,1,1,1.1175837965199389,PT-DESIGN_ANALYTIC_GEOMETRY_NOT_PHYSX_OR_PHYSICAL_REMOVAL
freeform_s1,freeform,0.6,1,cross_xy,1,2,1.118422554485494,PT-DESIGN_ANALYTIC_GEOMETRY_NOT_PHYSX_OR_PHYSICAL_REMOVAL
freeform_s1,freeform,0.6,1,cross_xy,1,3,1.1176054755290716,PT-DESIGN_ANALYTIC_GEOMETRY_NOT_PHYSX_OR_PHYSICAL_REMOVAL
freeform_s1,freeform,0.6,1,cross_xy,1,4,0.9672755654244356,PT-DESIGN_ANALYTIC_GEOMETRY_NOT_PHYSX_OR_PHYSICAL_REMOVAL
freeform_s1,freeform,0.6,1,cross_xy,2,0,0.968125812817979,PT-DESIGN_ANALYTIC_GEOMETRY_NOT_PHYSX_OR_PHYSICAL_REMOVAL
freeform_s1,freeform,0.6,1,cross_xy,2,1,1.1184252112830375,PT-DESIGN_ANALYTIC_GEOMETRY_NOT_PHYSX_OR_PHYSICAL_REMOVAL
freeform_s1,freeform,0.6,1,cross_xy,2,2,1.118895006854054,PT-DESIGN_ANALYTIC_GEOMETRY_NOT_PHYSX_OR_PHYSICAL_REMOVAL
freeform_s1,freeform,0.6,1,cross_xy,2,3,1.1183972627874466,PT-DESIGN_ANALYTIC_GEOMETRY_NOT_PHYSX_OR_PHYSICAL_REMOVAL
freeform_s1,freeform,0.6,1,cross_xy,2,4,0.9680597091795231,PT-DESIGN_ANALYTIC_GEOMETRY_NOT_PHYSX_OR_PHYSICAL_REMOVAL
freeform_s1,freeform,0.6,1,cross_xy,3,0,0.967229745937678,PT-DESIGN_ANALYTIC_GEOMETRY_NOT_PHYSX_OR_PHYSICAL_REMOVAL
freeform_s1,freeform,0.6,1,cross_xy,3,1,1.1175764687091538,PT-DESIGN_ANALYTIC_GEOMETRY_NOT_PHYSX_OR_PHYSICAL_REMOVAL
freeform_s1,freeform,0.6,1,cross_xy,3,2,1.118506401457556,PT-DESIGN_ANALYTIC_GEOMETRY_NOT_PHYSX_OR_PHYSICAL_REMOVAL
freeform_s1,freeform,0.6,1,cross_xy,3,3,1.1176378459231981,PT-DESIGN_ANALYTIC_GEOMETRY_NOT_PHYSX_OR_PHYSICAL_REMOVAL
freeform_s1,freeform,0.6,1,cross_xy,3,4,0.9672902937920571,PT-DESIGN_ANALYTIC_GEOMETRY_NOT_PHYSX_OR_PHYSICAL_REMOVAL
freeform_s1,freeform,0.6,1,cross_xy,4,0,0.8315072649363887,PT-DESIGN_ANALYTIC_GEOMETRY_NOT_PHYSX_OR_PHYSICAL_REMOVAL
freeform_s1,freeform,0.6,1,cross_xy,4,1,0.9672423936738305,PT-DESIGN_ANALYTIC_GEOMETRY_NOT_PHYSX_OR_PHYSICAL_REMOVAL
freeform_s1,freeform,0.6,1,cross_xy,4,2,0.9682038304209597,PT-DESIGN_ANALYTIC_GEOMETRY_NOT_PHYSX_OR_PHYSICAL_REMOVAL
freeform_s1,freeform,0.6,1,cross_xy,4,3,0.9673108473069402,PT-DESIGN_ANALYTIC_GEOMETRY_NOT_PHYSX_OR_PHYSICAL_REMOVAL
freeform_s1,freeform,0.6,1,cross_xy,4,4,0.8315806874899819,PT-DESIGN_ANALYTIC_GEOMETRY_NOT_PHYSX_OR_PHYSICAL_REMOVAL
freeform_s2,freeform,0.6,2,same_xx,0,0,0.83157317866864,PT-DESIGN_ANALYTIC_GEOMETRY_NOT_PHYSX_OR_PHYSICAL_REMOVAL
freeform_s2,freeform,0.6,2,same_xx,0,1,0.9242813823800611,PT-DESIGN_ANALYTIC_GEOMETRY_NOT_PHYSX_OR_PHYSICAL_REMOVAL
freeform_s2,freeform,0.6,2,same_xx,0,2,0.9239578585285448,PT-DESIGN_ANALYTIC_GEOMETRY_NOT_PHYSX_OR_PHYSICAL_REMOVAL
freeform_s2,freeform,0.6,2,same_xx,0,3,0.9242844351897442,PT-DESIGN_ANALYTIC_GEOMETRY_NOT_PHYSX_OR_PHYSICAL_REMOVAL
freeform_s2,freeform,0.6,2,same_xx,0,4,0.8315925634929724,PT-DESIGN_ANALYTIC_GEOMETRY_NOT_PHYSX_OR_PHYSICAL_REMOVAL
freeform_s2,freeform,0.6,2,same_xx,1,0,1.0103597538082445,PT-DESIGN_ANALYTIC_GEOMETRY_NOT_PHYSX_OR_PHYSICAL_REMOVAL
freeform_s2,freeform,0.6,2,same_xx,1,1,1.11767610281826,PT-DESIGN_ANALYTIC_GEOMETRY_NOT_PHYSX_OR_PHYSICAL_REMOVAL
freeform_s2,freeform,0.6,2,same_xx,1,2,1.1172587472517934,PT-DESIGN_ANALYTIC_GEOMETRY_NOT_PHYSX_OR_PHYSICAL_REMOVAL
freeform_s2,freeform,0.6,2,same_xx,1,3,1.1176457692646913,PT-DESIGN_ANALYTIC_GEOMETRY_NOT_PHYSX_OR_PHYSICAL_REMOVAL
freeform_s2,freeform,0.6,2,same_xx,1,4,1.0103917540241398,PT-DESIGN_ANALYTIC_GEOMETRY_NOT_PHYSX_OR_PHYSICAL_REMOVAL
freeform_s2,freeform,0.6,2,same_xx,2,0,1.012379674964998,PT-DESIGN_ANALYTIC_GEOMETRY_NOT_PHYSX_OR_PHYSICAL_REMOVAL
freeform_s2,freeform,0.6,2,same_xx,2,1,1.1197056999008694,PT-DESIGN_ANALYTIC_GEOMETRY_NOT_PHYSX_OR_PHYSICAL_REMOVAL
freeform_s2,freeform,0.6,2,same_xx,2,2,1.1188422653980907,PT-DESIGN_ANALYTIC_GEOMETRY_NOT_PHYSX_OR_PHYSICAL_REMOVAL
freeform_s2,freeform,0.6,2,same_xx,2,3,1.1195358886528193,PT-DESIGN_ANALYTIC_GEOMETRY_NOT_PHYSX_OR_PHYSICAL_REMOVAL
freeform_s2,freeform,0.6,2,same_xx,2,4,1.0123255244562444,PT-DESIGN_ANALYTIC_GEOMETRY_NOT_PHYSX_OR_PHYSICAL_REMOVAL
freeform_s2,freeform,0.6,2,same_xx,3,0,1.0103083310004168,PT-DESIGN_ANALYTIC_GEOMETRY_NOT_PHYSX_OR_PHYSICAL_REMOVAL
freeform_s2,freeform,0.6,2,same_xx,3,1,1.1177893368214467,PT-DESIGN_ANALYTIC_GEOMETRY_NOT_PHYSX_OR_PHYSICAL_REMOVAL
freeform_s2,freeform,0.6,2,same_xx,3,2,1.117186807930685,PT-DESIGN_ANALYTIC_GEOMETRY_NOT_PHYSX_OR_PHYSICAL_REMOVAL
freeform_s2,freeform,0.6,2,same_xx,3,3,1.117197552631144,PT-DESIGN_ANALYTIC_GEOMETRY_NOT_PHYSX_OR_PHYSICAL_REMOVAL
freeform_s2,freeform,0.6,2,same_xx,3,4,1.0102391682805028,PT-DESIGN_ANALYTIC_GEOMETRY_NOT_PHYSX_OR_PHYSICAL_REMOVAL
freeform_s2,freeform,0.6,2,same_xx,4,0,0.8314421305672073,PT-DESIGN_ANALYTIC_GEOMETRY_NOT_PHYSX_OR_PHYSICAL_REMOVAL
freeform_s2,freeform,0.6,2,same_xx,4,1,0.9244555143836515,PT-DESIGN_ANALYTIC_GEOMETRY_NOT_PHYSX_OR_PHYSICAL_REMOVAL
freeform_s2,freeform,0.6,2,same_xx,4,2,0.9239780653026511,PT-DESIGN_ANALYTIC_GEOMETRY_NOT_PHYSX_OR_PHYSICAL_REMOVAL
freeform_s2,freeform,0.6,2,same_xx,4,3,0.9240490698765601,PT-DESIGN_ANALYTIC_GEOMETRY_NOT_PHYSX_OR_PHYSICAL_REMOVAL
freeform_s2,freeform,0.6,2,same_xx,4,4,0.8315434244056173,PT-DESIGN_ANALYTIC_GEOMETRY_NOT_PHYSX_OR_PHYSICAL_REMOVAL
freeform_s2,freeform,0.6,2,cross_xy,0,0,0.8315661939070682,PT-DESIGN_ANALYTIC_GEOMETRY_NOT_PHYSX_OR_PHYSICAL_REMOVAL
freeform_s2,freeform,0.6,2,cross_xy,0,1,0.9672569745986865,PT-DESIGN_ANALYTIC_GEOMETRY_NOT_PHYSX_OR_PHYSICAL_REMOVAL
freeform_s2,freeform,0.6,2,cross_xy,0,2,0.9681218812708675,PT-DESIGN_ANALYTIC_GEOMETRY_NOT_PHYSX_OR_PHYSICAL_REMOVAL
freeform_s2,freeform,0.6,2,cross_xy,0,3,0.9672530318178814,PT-DESIGN_ANALYTIC_GEOMETRY_NOT_PHYSX_OR_PHYSICAL_REMOVAL
freeform_s2,freeform,0.6,2,cross_xy,0,4,0.8315222979882897,PT-DESIGN_ANALYTIC_GEOMETRY_NOT_PHYSX_OR_PHYSICAL_REMOVAL
freeform_s2,freeform,0.6,2,cross_xy,1,0,0.9672503910789162,PT-DESIGN_ANALYTIC_GEOMETRY_NOT_PHYSX_OR_PHYSICAL_REMOVAL
freeform_s2,freeform,0.6,2,cross_xy,1,1,1.1175853716244148,PT-DESIGN_ANALYTIC_GEOMETRY_NOT_PHYSX_OR_PHYSICAL_REMOVAL
freeform_s2,freeform,0.6,2,cross_xy,1,2,1.1184114099234488,PT-DESIGN_ANALYTIC_GEOMETRY_NOT_PHYSX_OR_PHYSICAL_REMOVAL
freeform_s2,freeform,0.6,2,cross_xy,1,3,1.1176013770511875,PT-DESIGN_ANALYTIC_GEOMETRY_NOT_PHYSX_OR_PHYSICAL_REMOVAL
freeform_s2,freeform,0.6,2,cross_xy,1,4,0.9672642118465106,PT-DESIGN_ANALYTIC_GEOMETRY_NOT_PHYSX_OR_PHYSICAL_REMOVAL
freeform_s2,freeform,0.6,2,cross_xy,2,0,0.9682147445124768,PT-DESIGN_ANALYTIC_GEOMETRY_NOT_PHYSX_OR_PHYSICAL_REMOVAL
freeform_s2,freeform,0.6,2,cross_xy,2,1,1.1184447765128034,PT-DESIGN_ANALYTIC_GEOMETRY_NOT_PHYSX_OR_PHYSICAL_REMOVAL
freeform_s2,freeform,0.6,2,cross_xy,2,2,1.118883740689459,PT-DESIGN_ANALYTIC_GEOMETRY_NOT_PHYSX_OR_PHYSICAL_REMOVAL
freeform_s2,freeform,0.6,2,cross_xy,2,3,1.1184417361200623,PT-DESIGN_ANALYTIC_GEOMETRY_NOT_PHYSX_OR_PHYSICAL_REMOVAL
freeform_s2,freeform,0.6,2,cross_xy,2,4,0.9681984028057482,PT-DESIGN_ANALYTIC_GEOMETRY_NOT_PHYSX_OR_PHYSICAL_REMOVAL
freeform_s2,freeform,0.6,2,cross_xy,3,0,0.967386695574714,PT-DESIGN_ANALYTIC_GEOMETRY_NOT_PHYSX_OR_PHYSICAL_REMOVAL
freeform_s2,freeform,0.6,2,cross_xy,3,1,1.1177243020155747,PT-DESIGN_ANALYTIC_GEOMETRY_NOT_PHYSX_OR_PHYSICAL_REMOVAL
freeform_s2,freeform,0.6,2,cross_xy,3,2,1.1184247548901158,PT-DESIGN_ANALYTIC_GEOMETRY_NOT_PHYSX_OR_PHYSICAL_REMOVAL
freeform_s2,freeform,0.6,2,cross_xy,3,3,1.1173980184089187,PT-DESIGN_ANALYTIC_GEOMETRY_NOT_PHYSX_OR_PHYSICAL_REMOVAL
freeform_s2,freeform,0.6,2,cross_xy,3,4,0.9672919000846525,PT-DESIGN_ANALYTIC_GEOMETRY_NOT_PHYSX_OR_PHYSICAL_REMOVAL
freeform_s2,freeform,0.6,2,cross_xy,4,0,0.8315044053033023,PT-DESIGN_ANALYTIC_GEOMETRY_NOT_PHYSX_OR_PHYSICAL_REMOVAL
freeform_s2,freeform,0.6,2,cross_xy,4,1,0.9674697531836192,PT-DESIGN_ANALYTIC_GEOMETRY_NOT_PHYSX_OR_PHYSICAL_REMOVAL
freeform_s2,freeform,0.6,2,cross_xy,4,2,0.9681558206981902,PT-DESIGN_ANALYTIC_GEOMETRY_NOT_PHYSX_OR_PHYSICAL_REMOVAL
freeform_s2,freeform,0.6,2,cross_xy,4,3,0.9671183356004731,PT-DESIGN_ANALYTIC_GEOMETRY_NOT_PHYSX_OR_PHYSICAL_REMOVAL
freeform_s2,freeform,0.6,2,cross_xy,4,4,0.8315094724926163,PT-DESIGN_ANALYTIC_GEOMETRY_NOT_PHYSX_OR_PHYSICAL_REMOVAL
