policy_label,observation_dim,direction_mode,surface_profile,env,profile_seed,tile_i,tile_j,cell_count,local_gu_mean,local_ra_mean_um,local_rz_mean_um,gu_pass_area_pct,ra_pass_area_pct,rz_pass_area_pct,scratch_pass_area_pct,all4_pass_area_pct,clearcoat_pass_area_pct,temperature_pass_area_pct
champion,14,same_xx,factory_prepolish,6,25194,0,0,400,77.84885733303871,0.026466380342751582,0.08998929929886926,100.0,100.0,100.0,100.0,100.0,100.0,100.0
champion,14,same_xx,factory_prepolish,6,25194,0,1,400,77.75028971983932,0.023153762251235523,0.07837790868189715,100.0,100.0,100.0,100.0,100.0,100.0,100.0
champion,14,same_xx,factory_prepolish,6,25194,0,2,400,77.66432408173085,0.03346117472073459,0.11311668319109866,100.0,100.0,100.0,100.0,100.0,100.0,100.0
champion,14,same_xx,factory_prepolish,6,25194,0,3,400,77.7428573280706,0.022846046310934766,0.07644693522772783,100.0,100.0,100.0,100.0,100.0,100.0,100.0
champion,14,same_xx,factory_prepolish,6,25194,0,4,400,77.69350434426902,0.03324874594403348,0.11230811188561958,100.0,100.0,100.0,100.0,100.0,100.0,100.0
champion,14,same_xx,factory_prepolish,6,25194,1,0,400,77.71530170269335,0.032028411878313644,0.10898301004231435,100.0,100.0,100.0,100.0,100.0,100.0,100.0
champion,14,same_xx,factory_prepolish,6,25194,1,1,400,77.67572187026649,0.022816892045145185,0.07735307239969659,100.0,100.0,100.0,100.0,100.0,100.0,100.0
champion,14,same_xx,factory_prepolish,6,25194,1,2,400,77.48814745524635,0.026616707875888882,0.09051996500615654,99.75,100.0,100.0,100.0,99.75,100.0,100.0
champion,14,same_xx,factory_prepolish,6,25194,1,3,400,76.53784751905104,0.02159398781420898,0.07387489628543242,97.75,100.0,100.0,100.0,97.75,100.0,100.0
champion,14,same_xx,factory_prepolish,6,25194,1,4,400,77.63290027984547,0.02891382759046026,0.0971450698075096,100.0,100.0,100.0,100.0,100.0,100.0,100.0
champion,14,same_xx,factory_prepolish,6,25194,2,0,400,77.65399259479828,0.02604483084620255,0.08791042411684909,100.0,100.0,100.0,100.0,100.0,100.0,100.0
champion,14,same_xx,factory_prepolish,6,25194,2,1,400,75.8165391137315,0.029089948737197596,0.09767338869144104,86.75,100.0,100.0,100.0,86.75,100.0,100.0
champion,14,same_xx,factory_prepolish,6,25194,2,2,400,66.77731833666695,0.036672129966654456,0.12299807783662839,67.0,100.0,100.0,97.75,67.0,100.0,100.0
champion,14,same_xx,factory_prepolish,6,25194,2,3,400,71.12660226147251,0.029494462921818326,0.09874399951393176,85.25,100.0,100.0,97.75,85.25,100.0,100.0
champion,14,same_xx,factory_prepolish,6,25194,2,4,400,77.67955359482839,0.023381220691838296,0.07867185527780132,100.0,100.0,100.0,100.0,100.0,100.0,100.0
champion,14,same_xx,factory_prepolish,6,25194,3,0,400,77.66737046590006,0.021691411600903984,0.07420070414843336,100.0,100.0,100.0,100.0,100.0,100.0,100.0
champion,14,same_xx,factory_prepolish,6,25194,3,1,400,77.60505901521478,0.023141094415702942,0.07878693374299796,100.0,100.0,100.0,100.0,100.0,100.0,100.0
champion,14,same_xx,factory_prepolish,6,25194,3,2,400,77.67406204240059,0.020986727673099437,0.07111131356488538,100.0,100.0,100.0,100.0,100.0,100.0,100.0
champion,14,same_xx,factory_prepolish,6,25194,3,3,400,77.59616514999833,0.025961099173531017,0.08909143713842786,100.0,100.0,100.0,100.0,100.0,100.0,100.0
champion,14,same_xx,factory_prepolish,6,25194,3,4,400,77.64538854052633,0.028423225262138016,0.09582560044596498,100.0,100.0,100.0,100.0,100.0,100.0,100.0
champion,14,same_xx,factory_prepolish,6,25194,4,0,400,77.69553967685242,0.029698923737538546,0.10037329277415848,100.0,100.0,100.0,100.0,100.0,100.0,100.0
champion,14,same_xx,factory_prepolish,6,25194,4,1,400,77.74677568031326,0.021064599709468484,0.071049206450316,100.0,100.0,100.0,100.0,100.0,100.0,100.0
champion,14,same_xx,factory_prepolish,6,25194,4,2,400,77.6488000936554,0.027200670556817616,0.09155697795543943,100.0,100.0,100.0,100.0,100.0,100.0,100.0
champion,14,same_xx,factory_prepolish,6,25194,4,3,400,77.69340701382683,0.021455348306905056,0.07246719758895377,100.0,100.0,100.0,100.0,100.0,100.0,100.0
champion,14,same_xx,factory_prepolish,6,25194,4,4,400,77.67218270439103,0.03181475380608643,0.10852078082734172,100.0,100.0,100.0,100.0,100.0,100.0,100.0
champion,14,same_xx,factory_prepolish,7,25291,0,0,400,77.83763666277032,0.028688124294257936,0.0948478604625847,100.0,100.0,100.0,100.0,100.0,100.0,100.0
champion,14,same_xx,factory_prepolish,7,25291,0,1,400,77.71431846467488,0.023304500122070478,0.07902342649764099,100.0,100.0,100.0,100.0,100.0,100.0,100.0
champion,14,same_xx,factory_prepolish,7,25291,0,2,400,77.69966501826272,0.023760714076222697,0.08104393824703127,100.0,100.0,100.0,100.0,100.0,100.0,100.0
champion,14,same_xx,factory_prepolish,7,25291,0,3,400,77.68802293313563,0.021312671741741875,0.07135397124012917,100.0,100.0,100.0,100.0,100.0,100.0,100.0
champion,14,same_xx,factory_prepolish,7,25291,0,4,400,77.76163251478926,0.02318376232890805,0.07890761513927075,100.0,100.0,100.0,100.0,100.0,100.0,100.0
champion,14,same_xx,factory_prepolish,7,25291,1,0,400,77.7422207724955,0.025248482489208766,0.08596575553518225,100.0,100.0,100.0,100.0,100.0,100.0,100.0
champion,14,same_xx,factory_prepolish,7,25291,1,1,400,77.70394421557656,0.018345370298765526,0.06115642090968663,100.0,100.0,100.0,100.0,100.0,100.0,100.0
champion,14,same_xx,factory_prepolish,7,25291,1,2,400,77.63300699397873,0.021136963012975817,0.07169122511682718,100.0,100.0,100.0,100.0,100.0,100.0,100.0
champion,14,same_xx,factory_prepolish,7,25291,1,3,400,77.63512169542692,0.019996281593931794,0.06715210072406454,100.0,100.0,100.0,100.0,100.0,100.0,100.0
champion,14,same_xx,factory_prepolish,7,25291,1,4,400,77.66165675911734,0.023603420281418243,0.07918430347315598,100.0,100.0,100.0,100.0,100.0,100.0,100.0
champion,14,same_xx,factory_prepolish,7,25291,2,0,400,77.69944337321547,0.019939151230089394,0.06777130320240769,100.0,100.0,100.0,100.0,100.0,100.0,100.0
champion,14,same_xx,factory_prepolish,7,25291,2,1,400,77.5934960292896,0.021205224041389276,0.07102214167541282,100.0,100.0,100.0,100.0,100.0,100.0,100.0
champion,14,same_xx,factory_prepolish,7,25291,2,2,400,77.57846157726436,0.023314691910950994,0.07810454405891391,100.0,100.0,100.0,100.0,100.0,100.0,100.0
champion,14,same_xx,factory_prepolish,7,25291,2,3,400,77.55067766456732,0.02633956267443982,0.08811204591193392,100.0,100.0,100.0,100.0,100.0,100.0,100.0
champion,14,same_xx,factory_prepolish,7,25291,2,4,400,77.70903849404581,0.022809054175565998,0.0774065772887736,100.0,100.0,100.0,100.0,100.0,100.0,100.0
champion,14,same_xx,factory_prepolish,7,25291,3,0,400,77.6927339368717,0.02145590377326877,0.07310280353533816,100.0,100.0,100.0,100.0,100.0,100.0,100.0
champion,14,same_xx,factory_prepolish,7,25291,3,1,400,77.57740943779721,0.024859094764194064,0.08469213960014045,100.0,100.0,100.0,100.0,100.0,100.0,100.0
champion,14,same_xx,factory_prepolish,7,25291,3,2,400,77.60944496506266,0.02313910894601,0.07797951834530253,100.0,100.0,100.0,100.0,100.0,100.0,100.0
champion,14,same_xx,factory_prepolish,7,25291,3,3,400,77.6199332912862,0.021558734880769856,0.07269461382805989,100.0,100.0,100.0,100.0,100.0,100.0,100.0
champion,14,same_xx,factory_prepolish,7,25291,3,4,400,77.70595590426952,0.02014552490922865,0.06820220364493819,100.0,100.0,100.0,100.0,100.0,100.0,100.0
champion,14,same_xx,factory_prepolish,7,25291,4,0,400,77.66383436544487,0.022907772029718068,0.07664338976371217,100.0,100.0,100.0,100.0,100.0,100.0,100.0
champion,14,same_xx,factory_prepolish,7,25291,4,1,400,77.72803594112946,0.017779387426751652,0.05988528669206273,100.0,100.0,100.0,100.0,100.0,100.0,100.0
champion,14,same_xx,factory_prepolish,7,25291,4,2,400,77.75093464681602,0.016014702209764843,0.05400610242010458,100.0,100.0,100.0,100.0,100.0,100.0,100.0
champion,14,same_xx,factory_prepolish,7,25291,4,3,400,77.6757162238417,0.0213873255021237,0.07267489767910136,100.0,100.0,100.0,100.0,100.0,100.0,100.0
champion,14,same_xx,factory_prepolish,7,25291,4,4,400,77.67920575313056,0.024083672383717322,0.07992762697196852,100.0,100.0,100.0,100.0,100.0,100.0,100.0
champion,14,same_xx,factory_prepolish,5,25097,0,0,400,77.83127913887247,0.03038912414415889,0.10263963811908126,100.0,100.0,100.0,100.0,100.0,100.0,100.0
champion,14,same_xx,factory_prepolish,5,25097,0,1,400,77.7569679979686,0.01667884599225382,0.05592893650302751,100.0,100.0,100.0,100.0,100.0,100.0,100.0
champion,14,same_xx,factory_prepolish,5,25097,0,2,400,77.72099356298948,0.017892903721574486,0.060409451048231026,100.0,100.0,100.0,100.0,100.0,100.0,100.0
champion,14,same_xx,factory_prepolish,5,25097,0,3,400,77.71748010218269,0.01749784028668171,0.058814027917022456,100.0,100.0,100.0,100.0,100.0,100.0,100.0
champion,14,same_xx,factory_prepolish,5,25097,0,4,400,77.70895626717262,0.02007100087122441,0.0666102479672059,100.0,100.0,100.0,100.0,100.0,100.0,100.0
champion,14,same_xx,factory_prepolish,5,25097,1,0,400,77.67173854644864,0.020768178035516095,0.07060367034421733,100.0,100.0,100.0,100.0,100.0,100.0,100.0
champion,14,same_xx,factory_prepolish,5,25097,1,1,400,77.03314601197116,0.01608850628969847,0.05513256122399739,95.0,100.0,100.0,100.0,95.0,100.0,100.0
champion,14,same_xx,factory_prepolish,5,25097,1,2,400,77.67791721000299,0.017111877244910277,0.05820184381539651,100.0,100.0,100.0,100.0,100.0,100.0,100.0
champion,14,same_xx,factory_prepolish,5,25097,1,3,400,77.649292166513,0.018170560968717,0.061446810181010204,100.0,100.0,100.0,100.0,100.0,100.0,100.0
champion,14,same_xx,factory_prepolish,5,25097,1,4,400,77.64717848884976,0.025054071719461547,0.08468882403798471,100.0,100.0,100.0,100.0,100.0,100.0,100.0
champion,14,same_xx,factory_prepolish,5,25097,2,0,400,71.23051854958958,0.03195294788303449,0.10740802269515153,59.25,100.0,100.0,100.0,59.25,100.0,100.0
champion,14,same_xx,factory_prepolish,5,25097,2,1,400,75.45885707473825,0.02700884998022974,0.09159565198251034,83.25,100.0,100.0,100.0,83.25,100.0,100.0
champion,14,same_xx,factory_prepolish,5,25097,2,2,400,77.6288026142261,0.019045892300374564,0.06431660779548537,100.0,100.0,100.0,100.0,100.0,100.0,100.0
champion,14,same_xx,factory_prepolish,5,25097,2,3,400,77.61277447114502,0.021267419732458742,0.07230808372443313,100.0,100.0,100.0,100.0,100.0,100.0,100.0
champion,14,same_xx,factory_prepolish,5,25097,2,4,400,77.65584114908752,0.02288136988110605,0.07745652942757385,100.0,100.0,100.0,100.0,100.0,100.0,100.0
champion,14,same_xx,factory_prepolish,5,25097,3,0,400,77.4136824383322,0.02173820280263193,0.07388046286248187,99.0,100.0,100.0,100.0,99.0,100.0,100.0
champion,14,same_xx,factory_prepolish,5,25097,3,1,400,77.6356663576541,0.019825569373959673,0.06701357887540939,100.0,100.0,100.0,100.0,100.0,100.0,100.0
champion,14,same_xx,factory_prepolish,5,25097,3,2,400,77.64360644668517,0.01666486218579929,0.05728345591939475,100.0,100.0,100.0,100.0,100.0,100.0,100.0
champion,14,same_xx,factory_prepolish,5,25097,3,3,400,77.58526319951592,0.02090840402560598,0.07040127132808918,100.0,100.0,100.0,100.0,100.0,100.0,100.0
champion,14,same_xx,factory_prepolish,5,25097,3,4,400,77.66222860855855,0.020728063071203607,0.07064541537013412,100.0,100.0,100.0,100.0,100.0,100.0,100.0
champion,14,same_xx,factory_prepolish,5,25097,4,0,400,77.7062052988115,0.02345358760456628,0.07976979390332767,100.0,100.0,100.0,100.0,100.0,100.0,100.0
champion,14,same_xx,factory_prepolish,5,25097,4,1,400,77.73698882019103,0.017147991903978678,0.05793917682920558,100.0,100.0,100.0,100.0,100.0,100.0,100.0
champion,14,same_xx,factory_prepolish,5,25097,4,2,400,77.70358282491212,0.01578141225716241,0.053358659937799785,100.0,100.0,100.0,100.0,100.0,100.0,100.0
champion,14,same_xx,factory_prepolish,5,25097,4,3,400,77.71296735866471,0.017387356399730852,0.0583470031195151,100.0,100.0,100.0,100.0,100.0,100.0,100.0
champion,14,same_xx,factory_prepolish,5,25097,4,4,400,77.71913494721115,0.021342788686246505,0.07247878918911936,100.0,100.0,100.0,100.0,100.0,100.0,100.0
champion,14,same_xx,factory_prepolish_deep_defect,11,25291,0,0,400,77.83042361737438,0.02852462315742602,0.09431410942776453,100.0,100.0,100.0,100.0,100.0,100.0,100.0
champion,14,same_xx,factory_prepolish_deep_defect,11,25291,0,1,400,77.71075052450524,0.02321960990050506,0.0787434999084473,100.0,100.0,100.0,100.0,100.0,100.0,100.0
champion,14,same_xx,factory_prepolish_deep_defect,11,25291,0,2,400,77.70028703014455,0.023767086458511378,0.0810728595815451,100.0,100.0,100.0,100.0,100.0,100.0,100.0
champion,14,same_xx,factory_prepolish_deep_defect,11,25291,0,3,400,77.68850353109283,0.021323655925261958,0.07138650909705276,100.0,100.0,100.0,100.0,100.0,100.0,100.0
champion,14,same_xx,factory_prepolish_deep_defect,11,25291,0,4,400,77.76187204217734,0.023191197345316293,0.07893101208192262,100.0,100.0,100.0,100.0,100.0,100.0,100.0
champion,14,same_xx,factory_prepolish_deep_defect,11,25291,1,0,400,77.72960294965644,0.024919005671318332,0.0848565113861583,100.0,100.0,100.0,100.0,100.0,100.0,100.0
champion,14,same_xx,factory_prepolish_deep_defect,11,25291,1,1,400,77.69996384059597,0.018206634925415962,0.060699063944146696,100.0,100.0,100.0,100.0,100.0,100.0,100.0
champion,14,same_xx,factory_prepolish_deep_defect,11,25291,1,2,400,77.62828339525049,0.02104040345158028,0.07136710107266378,100.0,100.0,100.0,100.0,100.0,100.0,100.0
champion,14,same_xx,factory_prepolish_deep_defect,11,25291,1,3,400,77.63818817413112,0.0200480599980977,0.06732951361129906,100.0,100.0,100.0,100.0,100.0,100.0,100.0
champion,14,same_xx,factory_prepolish_deep_defect,11,25291,1,4,400,77.66387212886964,0.023663032119300955,0.0793859558227249,100.0,100.0,100.0,100.0,100.0,100.0,100.0
champion,14,same_xx,factory_prepolish_deep_defect,11,25291,2,0,400,77.69875562404597,0.019886607692566772,0.06759443876685689,100.0,100.0,100.0,100.0,100.0,100.0,100.0
champion,14,same_xx,factory_prepolish_deep_defect,11,25291,2,1,400,77.58637639902915,0.021074927441704187,0.07059088771842208,100.0,100.0,100.0,100.0,100.0,100.0,100.0
champion,14,same_xx,factory_prepolish_deep_defect,11,25291,2,2,400,77.52450955829262,0.022741348452315294,0.07620636078299255,100.0,100.0,100.0,100.0,100.0,100.0,100.0
champion,14,same_xx,factory_prepolish_deep_defect,11,25291,2,3,400,77.53387591198272,0.02620712362564788,0.08764029361410448,100.0,100.0,100.0,100.0,100.0,100.0,100.0
champion,14,same_xx,factory_prepolish_deep_defect,11,25291,2,4,400,77.71456644374382,0.023074443147798367,0.07828993012745836,100.0,100.0,100.0,100.0,100.0,100.0,100.0
champion,14,same_xx,factory_prepolish_deep_defect,11,25291,3,0,400,77.69065517017285,0.021423498043429343,0.07299179218950153,100.0,100.0,100.0,100.0,100.0,100.0,100.0
champion,14,same_xx,factory_prepolish_deep_defect,11,25291,3,1,400,77.49619627830015,0.0234645547886295,0.0799143490759055,100.0,100.0,100.0,100.0,100.0,100.0,100.0
champion,14,same_xx,factory_prepolish_deep_defect,11,25291,3,2,400,77.37543365793653,0.018989960595037447,0.06408764787458282,100.0,100.0,100.0,100.0,100.0,100.0,100.0
champion,14,same_xx,factory_prepolish_deep_defect,11,25291,3,3,400,77.38233415594289,0.01800303638740321,0.06075592375851482,100.0,100.0,100.0,100.0,100.0,100.0,100.0
champion,14,same_xx,factory_prepolish_deep_defect,11,25291,3,4,400,77.63491884417203,0.01924907262024289,0.06510288432830304,100.0,100.0,100.0,100.0,100.0,100.0,100.0
champion,14,same_xx,factory_prepolish_deep_defect,11,25291,4,0,400,77.66371720332825,0.02290399892923477,0.07661940499176544,100.0,100.0,100.0,100.0,100.0,100.0,100.0
champion,14,same_xx,factory_prepolish_deep_defect,11,25291,4,1,400,77.58750022294474,0.015948112823770767,0.05384295691908706,100.0,100.0,100.0,100.0,100.0,100.0,100.0
champion,14,same_xx,factory_prepolish_deep_defect,11,25291,4,2,400,73.56942649993232,0.027850513555827544,0.09478444892328967,81.0,99.75,100.0,100.0,81.0,100.0,100.0
champion,14,same_xx,factory_prepolish_deep_defect,11,25291,4,3,400,70.65547066096396,0.04413597198255333,0.15019259478354408,70.25,98.25,100.0,100.0,70.25,100.0,100.0
champion,14,same_xx,factory_prepolish_deep_defect,11,25291,4,4,400,77.51334157698504,0.02294782836885791,0.07636816407958195,100.0,100.0,100.0,100.0,100.0,100.0,100.0
champion,14,same_xx,factory_prepolish_deep_stress,15,25291,0,0,400,77.83040412498706,0.028526710354200117,0.0943198318402127,100.0,100.0,100.0,100.0,100.0,100.0,100.0
champion,14,same_xx,factory_prepolish_deep_stress,15,25291,0,1,400,77.71075279569095,0.023220052228295596,0.07874531241055908,100.0,100.0,100.0,100.0,100.0,100.0,100.0
champion,14,same_xx,factory_prepolish_deep_stress,15,25291,0,2,400,77.70024705024618,0.023766876241378177,0.08107584475617072,100.0,100.0,100.0,100.0,100.0,100.0,100.0
champion,14,same_xx,factory_prepolish_deep_stress,15,25291,0,3,400,77.68844407885274,0.021320728818216898,0.0713795046341838,100.0,100.0,100.0,100.0,100.0,100.0,100.0
champion,14,same_xx,factory_prepolish_deep_stress,15,25291,0,4,400,77.76189978153997,0.023192030301020544,0.07893594447011607,100.0,100.0,100.0,100.0,100.0,100.0,100.0
champion,14,same_xx,factory_prepolish_deep_stress,15,25291,1,0,400,77.72954913549637,0.024917554938750818,0.08485331673312306,100.0,100.0,100.0,100.0,100.0,100.0,100.0
champion,14,same_xx,factory_prepolish_deep_stress,15,25291,1,1,400,77.70004066257538,0.018209452536300685,0.0607044202363808,100.0,100.0,100.0,100.0,100.0,100.0,100.0
champion,14,same_xx,factory_prepolish_deep_stress,15,25291,1,2,400,77.62847617632282,0.02104329379757437,0.0713793653908978,100.0,100.0,100.0,100.0,100.0,100.0,100.0
champion,14,same_xx,factory_prepolish_deep_stress,15,25291,1,3,400,77.63842168702095,0.020054564548837153,0.06734985461125585,100.0,100.0,100.0,100.0,100.0,100.0,100.0
champion,14,same_xx,factory_prepolish_deep_stress,15,25291,1,4,400,77.66389126791412,0.023662758390950486,0.0793784365171906,100.0,100.0,100.0,100.0,100.0,100.0,100.0
champion,14,same_xx,factory_prepolish_deep_stress,15,25291,2,0,400,77.69895239231175,0.019890172913304936,0.06760511545624888,100.0,100.0,100.0,100.0,100.0,100.0,100.0
champion,14,same_xx,factory_prepolish_deep_stress,15,25291,2,1,400,77.58802515420892,0.02111623178687301,0.07073113919250665,100.0,100.0,100.0,100.0,100.0,100.0,100.0
champion,14,same_xx,factory_prepolish_deep_stress,15,25291,2,2,400,77.53166268508369,0.022872413578759597,0.07663491106850864,100.0,100.0,100.0,100.0,100.0,100.0,100.0
champion,14,same_xx,factory_prepolish_deep_stress,15,25291,2,3,400,77.54119415872988,0.02636581335131192,0.08815776067245455,100.0,100.0,100.0,100.0,100.0,100.0,100.0
champion,14,same_xx,factory_prepolish_deep_stress,15,25291,2,4,400,77.71679997832167,0.023120916031007032,0.07844258870802931,100.0,100.0,100.0,100.0,100.0,100.0,100.0
champion,14,same_xx,factory_prepolish_deep_stress,15,25291,3,0,400,77.69117388720434,0.02143372234311487,0.07302478389948751,100.0,100.0,100.0,100.0,100.0,100.0,100.0
champion,14,same_xx,factory_prepolish_deep_stress,15,25291,3,1,400,77.51467634879394,0.0238419086428545,0.08115691669639437,100.0,100.0,100.0,100.0,100.0,100.0,100.0
champion,14,same_xx,factory_prepolish_deep_stress,15,25291,3,2,400,77.4204070816805,0.020076591916814605,0.06769115824261868,100.0,100.0,100.0,100.0,100.0,100.0,100.0
champion,14,same_xx,factory_prepolish_deep_stress,15,25291,3,3,400,77.4277900663724,0.019240784407346265,0.06485557832700828,100.0,100.0,100.0,100.0,100.0,100.0,100.0
champion,14,same_xx,factory_prepolish_deep_stress,15,25291,3,4,400,77.65147936691524,0.0197440434173865,0.06673989863716924,100.0,100.0,100.0,100.0,100.0,100.0,100.0
champion,14,same_xx,factory_prepolish_deep_stress,15,25291,4,0,400,77.66471450180293,0.022924770656929327,0.07668592204811088,100.0,100.0,100.0,100.0,100.0,100.0,100.0
champion,14,same_xx,factory_prepolish_deep_stress,15,25291,4,1,400,77.60308347808623,0.01650147930496129,0.05568668229328519,100.0,100.0,100.0,100.0,100.0,100.0,100.0
champion,14,same_xx,factory_prepolish_deep_stress,15,25291,4,2,400,71.90545152709042,0.0427004551745879,0.14505884988754794,79.0,93.5,100.0,100.0,79.0,100.0,100.0
champion,14,same_xx,factory_prepolish_deep_stress,15,25291,4,3,400,68.40075623075622,0.06779880556618645,0.22972780677416765,68.5,86.75,100.0,100.0,68.5,100.0,100.0
champion,14,same_xx,factory_prepolish_deep_stress,15,25291,4,4,400,77.54372927564309,0.023673122019589023,0.07871207225320423,100.0,100.0,100.0,100.0,100.0,100.0,100.0
champion,14,same_xx,factory_prepolish_deep_defect,9,25097,0,0,400,77.83132493112831,0.030392543777717863,0.10265461740732139,100.0,100.0,100.0,100.0,100.0,100.0,100.0
champion,14,same_xx,factory_prepolish_deep_defect,9,25097,0,1,400,77.75714733272777,0.016685502700724778,0.05595311265962611,100.0,100.0,100.0,100.0,100.0,100.0,100.0
champion,14,same_xx,factory_prepolish_deep_defect,9,25097,0,2,400,77.72106286817635,0.017895698269875592,0.0604174764309939,100.0,100.0,100.0,100.0,100.0,100.0,100.0
champion,14,same_xx,factory_prepolish_deep_defect,9,25097,0,3,400,77.71764132483072,0.017498580088758504,0.05881868483470292,100.0,100.0,100.0,100.0,100.0,100.0,100.0
champion,14,same_xx,factory_prepolish_deep_defect,9,25097,0,4,400,77.70898453039479,0.02007077142163318,0.06660703813188089,100.0,100.0,100.0,100.0,100.0,100.0,100.0
champion,14,same_xx,factory_prepolish_deep_defect,9,25097,1,0,400,77.67058910002949,0.02076733433359936,0.07060503107752135,100.0,100.0,100.0,100.0,100.0,100.0,100.0
champion,14,same_xx,factory_prepolish_deep_defect,9,25097,1,1,400,77.03323291250496,0.01613037931712176,0.055273968623277374,95.0,100.0,100.0,100.0,95.0,100.0,100.0
champion,14,same_xx,factory_prepolish_deep_defect,9,25097,1,2,400,77.6781120438711,0.01711863821441682,0.05822289698220501,100.0,100.0,100.0,100.0,100.0,100.0,100.0
champion,14,same_xx,factory_prepolish_deep_defect,9,25097,1,3,400,77.64960634031233,0.01817458668543756,0.06146119439919215,100.0,100.0,100.0,100.0,100.0,100.0,100.0
champion,14,same_xx,factory_prepolish_deep_defect,9,25097,1,4,400,77.64751704900954,0.025062223032988263,0.08471474285943469,100.0,100.0,100.0,100.0,100.0,100.0,100.0
champion,14,same_xx,factory_prepolish_deep_defect,9,25097,2,0,400,71.55935412120662,0.031351863884592414,0.10536483992285867,60.25,100.0,100.0,100.0,60.25,100.0,100.0
champion,14,same_xx,factory_prepolish_deep_defect,9,25097,2,1,400,75.45306977518874,0.026818338586495623,0.09092066160951244,83.25,100.0,100.0,100.0,83.25,100.0,100.0
champion,14,same_xx,factory_prepolish_deep_defect,9,25097,2,2,400,77.63387425160116,0.01913207805854805,0.06459250947628979,100.0,100.0,100.0,100.0,100.0,100.0,100.0
champion,14,same_xx,factory_prepolish_deep_defect,9,25097,2,3,400,77.61438421076797,0.021306852290261878,0.0724350804703357,100.0,100.0,100.0,100.0,100.0,100.0,100.0
champion,14,same_xx,factory_prepolish_deep_defect,9,25097,2,4,400,77.65649055868602,0.02289682384156012,0.07750094158251107,100.0,100.0,100.0,100.0,100.0,100.0,100.0
champion,14,same_xx,factory_prepolish_deep_defect,9,25097,3,0,400,77.2115202996769,0.01762910792133595,0.05990079443072935,99.0,100.0,100.0,100.0,99.0,100.0,100.0
champion,14,same_xx,factory_prepolish_deep_defect,9,25097,3,1,400,77.4805321829844,0.017388624456667227,0.05873354284384874,100.0,100.0,100.0,100.0,100.0,100.0,100.0
champion,14,same_xx,factory_prepolish_deep_defect,9,25097,3,2,400,77.61140878053246,0.016666443161246432,0.057239190732444455,100.0,100.0,100.0,100.0,100.0,100.0,100.0
champion,14,same_xx,factory_prepolish_deep_defect,9,25097,3,3,400,77.5970786402286,0.021132549940344858,0.07114852200835141,100.0,100.0,100.0,100.0,100.0,100.0,100.0
champion,14,same_xx,factory_prepolish_deep_defect,9,25097,3,4,400,77.6633989609147,0.020758056442189622,0.07075219784939052,100.0,100.0,100.0,100.0,100.0,100.0,100.0
champion,14,same_xx,factory_prepolish_deep_defect,9,25097,4,0,400,71.78868550741474,0.03511012852759007,0.1188393850432145,75.25,100.0,100.0,100.0,75.25,100.0,100.0
champion,14,same_xx,factory_prepolish_deep_defect,9,25097,4,1,400,73.09475137436498,0.031357147391618344,0.10406508697765897,74.25,100.0,100.0,100.0,74.25,100.0,100.0
champion,14,same_xx,factory_prepolish_deep_defect,9,25097,4,2,400,77.62126984010753,0.015188982448030635,0.05143664539622818,100.0,100.0,100.0,100.0,100.0,100.0,100.0
champion,14,same_xx,factory_prepolish_deep_defect,9,25097,4,3,400,77.72371426434526,0.01765075565548034,0.05920766882256023,100.0,100.0,100.0,100.0,100.0,100.0,100.0
champion,14,same_xx,factory_prepolish_deep_defect,9,25097,4,4,400,77.71961105033554,0.02135447412279789,0.07251269285795339,100.0,100.0,100.0,100.0,100.0,100.0,100.0
champion,14,same_xx,factory_prepolish_deep_stress,13,25097,0,0,400,77.83126619403718,0.03039057585369515,0.1026497269120258,100.0,100.0,100.0,100.0,100.0,100.0,100.0
champion,14,same_xx,factory_prepolish_deep_stress,13,25097,0,1,400,77.75713459481013,0.016684823733970417,0.055949901443632176,100.0,100.0,100.0,100.0,100.0,100.0,100.0
champion,14,same_xx,factory_prepolish_deep_stress,13,25097,0,2,400,77.7211627168267,0.017896965276662968,0.06042319427469089,100.0,100.0,100.0,100.0,100.0,100.0,100.0
champion,14,same_xx,factory_prepolish_deep_stress,13,25097,0,3,400,77.71762114966313,0.01749815215957239,0.058815868786676384,100.0,100.0,100.0,100.0,100.0,100.0,100.0
champion,14,same_xx,factory_prepolish_deep_stress,13,25097,0,4,400,77.70900934448905,0.020071015432391627,0.06661088045687523,100.0,100.0,100.0,100.0,100.0,100.0,100.0
champion,14,same_xx,factory_prepolish_deep_stress,13,25097,1,0,400,77.67071199185037,0.020769783420015297,0.07061235591568064,100.0,100.0,100.0,100.0,100.0,100.0,100.0
champion,14,same_xx,factory_prepolish_deep_stress,13,25097,1,1,400,77.03201525111368,0.0161345325788744,0.05528870513320035,95.0,100.0,100.0,100.0,95.0,100.0,100.0
champion,14,same_xx,factory_prepolish_deep_stress,13,25097,1,2,400,77.67826328076599,0.01712137324300357,0.05823125130131887,100.0,100.0,100.0,100.0,100.0,100.0,100.0
champion,14,same_xx,factory_prepolish_deep_stress,13,25097,1,3,400,77.64963650157591,0.018175658066052328,0.061464857726624494,100.0,100.0,100.0,100.0,100.0,100.0,100.0
champion,14,same_xx,factory_prepolish_deep_stress,13,25097,1,4,400,77.64741951789647,0.025059468696976762,0.08470593409443099,100.0,100.0,100.0,100.0,100.0,100.0,100.0
champion,14,same_xx,factory_prepolish_deep_stress,13,25097,2,0,400,71.57390823282648,0.031496847476462295,0.10582539361199401,59.75,100.0,100.0,100.0,59.75,100.0,100.0
champion,14,same_xx,factory_prepolish_deep_stress,13,25097,2,1,400,75.45396096989606,0.027001245618879847,0.09152479519507345,83.0,100.0,100.0,100.0,83.0,100.0,100.0
champion,14,same_xx,factory_prepolish_deep_stress,13,25097,2,2,400,77.63566828496103,0.01916695629753881,0.06470816571985431,100.0,100.0,100.0,100.0,100.0,100.0,100.0
champion,14,same_xx,factory_prepolish_deep_stress,13,25097,2,3,400,77.6146533386078,0.021312864549276212,0.07245136586108822,100.0,100.0,100.0,100.0,100.0,100.0,100.0
champion,14,same_xx,factory_prepolish_deep_stress,13,25097,2,4,400,77.65645368977444,0.02289555994907209,0.07749848029720674,100.0,100.0,100.0,100.0,100.0,100.0,100.0
champion,14,same_xx,factory_prepolish_deep_stress,13,25097,3,0,400,77.25681744650548,0.018748077780082712,0.06365245200689974,99.0,100.0,100.0,100.0,99.0,100.0,100.0
champion,14,same_xx,factory_prepolish_deep_stress,13,25097,3,1,400,77.51670569935088,0.018300890839363263,0.06178500107440715,100.0,100.0,100.0,100.0,100.0,100.0,100.0
champion,14,same_xx,factory_prepolish_deep_stress,13,25097,3,2,400,77.62306143145766,0.016937555278542054,0.05814909421634448,100.0,100.0,100.0,100.0,100.0,100.0,100.0
champion,14,same_xx,factory_prepolish_deep_stress,13,25097,3,3,400,77.59817891798757,0.02115378642231345,0.07121761529510695,100.0,100.0,100.0,100.0,100.0,100.0,100.0
champion,14,same_xx,factory_prepolish_deep_stress,13,25097,3,4,400,77.66337986574557,0.020757226445659534,0.07074862898035544,100.0,100.0,100.0,100.0,100.0,100.0,100.0
champion,14,same_xx,factory_prepolish_deep_stress,13,25097,4,0,400,70.25102455929147,0.052347742904019966,0.1757333365409678,75.0,94.0,100.0,99.75,75.0,100.0,100.0
champion,14,same_xx,factory_prepolish_deep_stress,13,25097,4,1,400,70.91435895979792,0.04945150671873307,0.16353289732569543,73.5,94.75,100.0,100.0,73.5,100.0,100.0
champion,14,same_xx,factory_prepolish_deep_stress,13,25097,4,2,400,77.64228553389229,0.015743603947835767,0.05329777782218463,100.0,100.0,100.0,100.0,100.0,100.0,100.0
champion,14,same_xx,factory_prepolish_deep_stress,13,25097,4,3,400,77.72606712208024,0.017704204421753796,0.05938412321498356,100.0,100.0,100.0,100.0,100.0,100.0,100.0
champion,14,same_xx,factory_prepolish_deep_stress,13,25097,4,4,400,77.71962743642831,0.021354835266878484,0.0725121028734706,100.0,100.0,100.0,100.0,100.0,100.0,100.0
champion,14,same_xx,factory_prepolish_deep_defect,10,25194,0,0,400,77.8486530951638,0.0264617913890537,0.08997716970088103,100.0,100.0,100.0,100.0,100.0,100.0,100.0
champion,14,same_xx,factory_prepolish_deep_defect,10,25194,0,1,400,77.7474734971338,0.023106228657274207,0.07822171431257088,100.0,100.0,100.0,100.0,100.0,100.0,100.0
champion,14,same_xx,factory_prepolish_deep_defect,10,25194,0,2,400,77.5404289722839,0.03210805513580757,0.10870128240091276,100.0,100.0,100.0,100.0,100.0,100.0,100.0
champion,14,same_xx,factory_prepolish_deep_defect,10,25194,0,3,400,77.4760563927435,0.018995304820879924,0.06349511565498667,100.0,100.0,100.0,100.0,100.0,100.0,100.0
champion,14,same_xx,factory_prepolish_deep_defect,10,25194,0,4,400,77.32149899282355,0.026569621644411033,0.08945675268130988,100.0,100.0,100.0,100.0,100.0,100.0,100.0
champion,14,same_xx,factory_prepolish_deep_defect,10,25194,1,0,400,77.71506560421241,0.032025454994206275,0.10897093992855257,100.0,100.0,100.0,100.0,100.0,100.0,100.0
champion,14,same_xx,factory_prepolish_deep_defect,10,25194,1,1,400,77.67091104501857,0.022735678346491914,0.07707781163330009,100.0,100.0,100.0,100.0,100.0,100.0,100.0
champion,14,same_xx,factory_prepolish_deep_defect,10,25194,1,2,400,77.28025314571572,0.023742424760865345,0.08080437500365781,99.75,100.0,100.0,100.0,99.75,100.0,100.0
champion,14,same_xx,factory_prepolish_deep_defect,10,25194,1,3,400,73.5060432571619,0.02306876585976097,0.08011668989069413,82.75,100.0,100.0,99.75,82.75,100.0,100.0
champion,14,same_xx,factory_prepolish_deep_defect,10,25194,1,4,400,72.37216296205291,0.03350325091239721,0.11382245712584592,75.0,100.0,100.0,99.75,75.0,100.0,100.0
champion,14,same_xx,factory_prepolish_deep_defect,10,25194,2,0,400,77.65395049074944,0.02604323405060965,0.08790796253077535,100.0,100.0,100.0,100.0,100.0,100.0,100.0
champion,14,same_xx,factory_prepolish_deep_defect,10,25194,2,1,400,75.83075276498379,0.029016011154823964,0.09743668952013124,86.75,100.0,100.0,100.0,86.75,100.0,100.0
champion,14,same_xx,factory_prepolish_deep_defect,10,25194,2,2,400,67.50343393615475,0.034392982900385706,0.11557808632568718,67.75,100.0,100.0,97.5,67.75,100.0,100.0
champion,14,same_xx,factory_prepolish_deep_defect,10,25194,2,3,400,70.87580823740812,0.023272753976240717,0.07855864497378713,82.0,100.0,100.0,98.5,82.0,100.0,100.0
champion,14,same_xx,factory_prepolish_deep_defect,10,25194,2,4,400,77.31581747821446,0.01798353063093519,0.06062937125343277,99.75,100.0,100.0,100.0,99.75,100.0,100.0
champion,14,same_xx,factory_prepolish_deep_defect,10,25194,3,0,400,77.66733362157453,0.021690001674776728,0.07419647058620957,100.0,100.0,100.0,100.0,100.0,100.0,100.0
champion,14,same_xx,factory_prepolish_deep_defect,10,25194,3,1,400,77.60508568791464,0.023140712641442178,0.07878188810021274,100.0,100.0,100.0,100.0,100.0,100.0,100.0
champion,14,same_xx,factory_prepolish_deep_defect,10,25194,3,2,400,77.65988482778346,0.02067804987229947,0.07005182848898571,100.0,100.0,100.0,100.0,100.0,100.0,100.0
champion,14,same_xx,factory_prepolish_deep_defect,10,25194,3,3,400,77.52297795200474,0.024781002804179622,0.08510666905200105,100.0,100.0,100.0,100.0,100.0,100.0,100.0
champion,14,same_xx,factory_prepolish_deep_defect,10,25194,3,4,400,77.6087076962854,0.028140358133971578,0.09489564244897515,100.0,100.0,100.0,100.0,100.0,100.0,100.0
champion,14,same_xx,factory_prepolish_deep_defect,10,25194,4,0,400,77.69559371900972,0.029701810556818257,0.10038378701337695,100.0,100.0,100.0,100.0,100.0,100.0,100.0
champion,14,same_xx,factory_prepolish_deep_defect,10,25194,4,1,400,77.746825508989,0.021066016373059417,0.0710503100121723,100.0,100.0,100.0,100.0,100.0,100.0,100.0
champion,14,same_xx,factory_prepolish_deep_defect,10,25194,4,2,400,77.6483528310881,0.027196081051953987,0.0915440878717677,100.0,100.0,100.0,100.0,100.0,100.0,100.0
champion,14,same_xx,factory_prepolish_deep_defect,10,25194,4,3,400,77.6922364161291,0.02144691769709631,0.07243954324456223,100.0,100.0,100.0,100.0,100.0,100.0,100.0
champion,14,same_xx,factory_prepolish_deep_defect,10,25194,4,4,400,77.67644918374882,0.031914388810075904,0.10884428123210195,100.0,100.0,100.0,100.0,100.0,100.0,100.0
champion,14,same_xx,factory_prepolish_deep_stress,14,25194,0,0,400,77.84875183263115,0.026465430744242475,0.0899839600365091,100.0,100.0,100.0,100.0,100.0,100.0,100.0
champion,14,same_xx,factory_prepolish_deep_stress,14,25194,0,1,400,77.74766793703688,0.023110547117621658,0.07823403010749383,100.0,100.0,100.0,100.0,100.0,100.0,100.0
champion,14,same_xx,factory_prepolish_deep_stress,14,25194,0,2,400,77.55009669347726,0.03228490583082288,0.10927241979957458,100.0,100.0,100.0,100.0,100.0,100.0,100.0
champion,14,same_xx,factory_prepolish_deep_stress,14,25194,0,3,400,77.49477567125052,0.019560886977669004,0.06534843812963922,100.0,100.0,100.0,100.0,100.0,100.0,100.0
champion,14,same_xx,factory_prepolish_deep_stress,14,25194,0,4,400,77.35266370329893,0.027395459603813076,0.09217947189203793,100.0,100.0,100.0,100.0,100.0,100.0,100.0
champion,14,same_xx,factory_prepolish_deep_stress,14,25194,1,0,400,77.71524028011416,0.032030072208247225,0.10898645451233813,100.0,100.0,100.0,100.0,100.0,100.0,100.0
champion,14,same_xx,factory_prepolish_deep_stress,14,25194,1,1,400,77.6712311327668,0.022741159147751492,0.07709967966126366,100.0,100.0,100.0,100.0,100.0,100.0,100.0
champion,14,same_xx,factory_prepolish_deep_stress,14,25194,1,2,400,77.30074548308433,0.024203110219165103,0.0823530528132541,99.75,100.0,100.0,100.0,99.75,100.0,100.0
champion,14,same_xx,factory_prepolish_deep_stress,14,25194,1,3,400,72.4312470605297,0.032664160095365415,0.11316347097715085,81.75,97.5,100.0,100.0,81.75,100.0,100.0
champion,14,same_xx,factory_prepolish_deep_stress,14,25194,1,4,400,70.8308850522178,0.04900645966240138,0.16634574363973573,74.25,95.5,100.0,100.0,74.25,100.0,100.0
champion,14,same_xx,factory_prepolish_deep_stress,14,25194,2,0,400,77.65399393043592,0.026045358019397696,0.08791346085834435,100.0,100.0,100.0,100.0,100.0,100.0,100.0
champion,14,same_xx,factory_prepolish_deep_stress,14,25194,2,1,400,75.82922005821736,0.029021938576735663,0.09745290417467167,86.75,100.0,100.0,100.0,86.75,100.0,100.0
champion,14,same_xx,factory_prepolish_deep_stress,14,25194,2,2,400,67.49059524611953,0.03462923721899376,0.11631366670939865,67.75,100.0,100.0,97.5,67.75,100.0,100.0
champion,14,same_xx,factory_prepolish_deep_stress,14,25194,2,3,400,71.20805655191855,0.024601024316350237,0.08319979046282736,82.0,100.0,100.0,98.5,82.0,100.0,100.0
champion,14,same_xx,factory_prepolish_deep_stress,14,25194,2,4,400,77.35055346426962,0.018755953456137814,0.06320618467929773,99.5,100.0,100.0,100.0,99.5,100.0,100.0
champion,14,same_xx,factory_prepolish_deep_stress,14,25194,3,0,400,77.66733687007992,0.021689632170488818,0.07419208870052581,100.0,100.0,100.0,100.0,100.0,100.0,100.0
champion,14,same_xx,factory_prepolish_deep_stress,14,25194,3,1,400,77.60514521281371,0.02314218897347911,0.07879037722715371,100.0,100.0,100.0,100.0,100.0,100.0,100.0
champion,14,same_xx,factory_prepolish_deep_stress,14,25194,3,2,400,77.66148372138429,0.02072141797573606,0.0702020970026079,100.0,100.0,100.0,100.0,100.0,100.0,100.0
champion,14,same_xx,factory_prepolish_deep_stress,14,25194,3,3,400,77.52960042361535,0.024959515392975015,0.08570046958646768,100.0,100.0,100.0,100.0,100.0,100.0,100.0
champion,14,same_xx,factory_prepolish_deep_stress,14,25194,3,4,400,77.61204174267257,0.028235508601155153,0.09521216546409239,100.0,100.0,100.0,100.0,100.0,100.0,100.0
champion,14,same_xx,factory_prepolish_deep_stress,14,25194,4,0,400,77.69559479313726,0.02970276203945634,0.10038482983209798,100.0,100.0,100.0,100.0,100.0,100.0,100.0
champion,14,same_xx,factory_prepolish_deep_stress,14,25194,4,1,400,77.74687164431549,0.02106706774006041,0.07105698407826061,100.0,100.0,100.0,100.0,100.0,100.0,100.0
champion,14,same_xx,factory_prepolish_deep_stress,14,25194,4,2,400,77.6483207829513,0.027194410823299667,0.09153714580184197,100.0,100.0,100.0,100.0,100.0,100.0,100.0
champion,14,same_xx,factory_prepolish_deep_stress,14,25194,4,3,400,77.69216754353151,0.021444951662034847,0.07242800793346536,100.0,100.0,100.0,100.0,100.0,100.0,100.0
champion,14,same_xx,factory_prepolish_deep_stress,14,25194,4,4,400,77.67620369919992,0.03190154183537865,0.1088021727533507,100.0,100.0,100.0,100.0,100.0,100.0,100.0
champion,14,same_xx,factory_prepolish,4,25000,0,0,400,74.26276562205078,0.02711661886136004,0.089981175116482,74.5,100.0,100.0,100.0,74.5,100.0,100.0
champion,14,same_xx,factory_prepolish,4,25000,0,1,400,75.04069072487465,0.024093332606899873,0.08111443036754325,80.25,100.0,100.0,100.0,80.25,100.0,100.0
champion,14,same_xx,factory_prepolish,4,25000,0,2,400,77.52854157105759,0.01458664268259667,0.04846383924786215,100.0,100.0,100.0,100.0,100.0,100.0,100.0
champion,14,same_xx,factory_prepolish,4,25000,0,3,400,72.22366105242918,0.024702590902832534,0.08186422081846242,78.25,100.0,100.0,99.25,78.25,100.0,100.0
champion,14,same_xx,factory_prepolish,4,25000,0,4,400,74.406509134385,0.022160139256908837,0.07366268612640131,87.5,100.0,100.0,100.0,87.5,100.0,100.0
champion,14,same_xx,factory_prepolish,4,25000,1,0,400,77.19949755311876,0.01716548580659781,0.05848444982670376,98.25,100.0,100.0,100.0,98.25,100.0,100.0
champion,14,same_xx,factory_prepolish,4,25000,1,1,400,77.47757206141779,0.01603175869935397,0.054707275847061344,100.0,100.0,100.0,100.0,100.0,100.0,100.0
champion,14,same_xx,factory_prepolish,4,25000,1,2,400,77.4522405841877,0.018344548686781165,0.06114408703805555,100.0,100.0,100.0,100.0,100.0,100.0,100.0
champion,14,same_xx,factory_prepolish,4,25000,1,3,400,74.94365793026249,0.020380358596402942,0.06993519871818683,85.0,100.0,100.0,100.0,85.0,100.0,100.0
champion,14,same_xx,factory_prepolish,4,25000,1,4,400,77.03183365404631,0.02368369891597026,0.07929219236389218,98.0,100.0,100.0,100.0,98.0,100.0,100.0
champion,14,same_xx,factory_prepolish,4,25000,2,0,400,77.67872051426514,0.015610164534545437,0.05250662544965419,100.0,100.0,100.0,100.0,100.0,100.0,100.0
champion,14,same_xx,factory_prepolish,4,25000,2,1,400,77.61803705506374,0.016733162143727203,0.0558674823747966,100.0,100.0,100.0,100.0,100.0,100.0,100.0
champion,14,same_xx,factory_prepolish,4,25000,2,2,400,77.54420930760713,0.018289147703749536,0.06202040014851372,100.0,100.0,100.0,100.0,100.0,100.0,100.0
champion,14,same_xx,factory_prepolish,4,25000,2,3,400,77.50245434521673,0.018071583982099626,0.06130120730356209,100.0,100.0,100.0,100.0,100.0,100.0,100.0
champion,14,same_xx,factory_prepolish,4,25000,2,4,400,77.6370585801389,0.018098442499644863,0.06096069600009823,100.0,100.0,100.0,100.0,100.0,100.0,100.0
champion,14,same_xx,factory_prepolish,4,25000,3,0,400,77.69131261107707,0.016842782258582024,0.05719657032369183,100.0,100.0,100.0,100.0,100.0,100.0,100.0
champion,14,same_xx,factory_prepolish,4,25000,3,1,400,77.59786981248195,0.017930523300763147,0.0601295123220015,100.0,100.0,100.0,100.0,100.0,100.0,100.0
champion,14,same_xx,factory_prepolish,4,25000,3,2,400,77.64518153084937,0.016139605256357097,0.05439029391099951,100.0,100.0,100.0,100.0,100.0,100.0,100.0
champion,14,same_xx,factory_prepolish,4,25000,3,3,400,77.63269583254574,0.016477127952408063,0.05588520019737357,100.0,100.0,100.0,100.0,100.0,100.0,100.0
champion,14,same_xx,factory_prepolish,4,25000,3,4,400,77.6595356348888,0.018131138539205716,0.06127472000605774,100.0,100.0,100.0,100.0,100.0,100.0,100.0
champion,14,same_xx,factory_prepolish,4,25000,4,0,400,77.70987837995852,0.01997785108816566,0.06770183034920574,100.0,100.0,100.0,100.0,100.0,100.0,100.0
champion,14,same_xx,factory_prepolish,4,25000,4,1,400,77.75458947807395,0.016061632963988385,0.054799125368753906,100.0,100.0,100.0,100.0,100.0,100.0,100.0
champion,14,same_xx,factory_prepolish,4,25000,4,2,400,77.67266208107648,0.018353968340375473,0.06154588746125382,100.0,100.0,100.0,100.0,100.0,100.0,100.0
champion,14,same_xx,factory_prepolish,4,25000,4,3,400,77.61755758574725,0.021223930948244304,0.07092333584321134,100.0,100.0,100.0,100.0,100.0,100.0,100.0
champion,14,same_xx,factory_prepolish,4,25000,4,4,400,77.72942134411166,0.019231710800546305,0.06557133699083213,100.0,100.0,100.0,100.0,100.0,100.0,100.0
champion,14,same_xx,factory_prepolish_deep_stress,12,25000,0,0,400,74.26170798334947,0.02713299753370067,0.09003781811482194,74.5,100.0,100.0,100.0,74.5,100.0,100.0
champion,14,same_xx,factory_prepolish_deep_stress,12,25000,0,1,400,75.04630559529848,0.024203316497835196,0.08147370287796901,80.25,100.0,100.0,100.0,80.25,100.0,100.0
champion,14,same_xx,factory_prepolish_deep_stress,12,25000,0,2,400,77.5556423801977,0.015594826337616297,0.051786517555332916,100.0,100.0,100.0,100.0,100.0,100.0,100.0
champion,14,same_xx,factory_prepolish_deep_stress,12,25000,0,3,400,70.71543596933168,0.047437487965007,0.16096523747986474,73.5,94.75,100.0,100.0,73.5,100.0,100.0
champion,14,same_xx,factory_prepolish_deep_stress,12,25000,0,4,400,75.2185181197428,0.02526246813182631,0.08380553878177699,89.75,100.0,100.0,100.0,89.75,100.0,100.0
champion,14,same_xx,factory_prepolish_deep_stress,12,25000,1,0,400,77.19991227451729,0.017172519322741192,0.05850830606042596,98.25,100.0,100.0,100.0,98.25,100.0,100.0
champion,14,same_xx,factory_prepolish_deep_stress,12,25000,1,1,400,77.48749780167624,0.016280420547839555,0.055541376924330345,100.0,100.0,100.0,100.0,100.0,100.0,100.0
champion,14,same_xx,factory_prepolish_deep_stress,12,25000,1,2,400,77.49720648553951,0.019757948063513154,0.06577850577588248,100.0,100.0,100.0,100.0,100.0,100.0,100.0
champion,14,same_xx,factory_prepolish_deep_stress,12,25000,1,3,400,67.30597315546537,0.06950072162160596,0.2339370121872495,58.25,90.75,100.0,100.0,58.25,100.0,100.0
champion,14,same_xx,factory_prepolish_deep_stress,12,25000,1,4,400,77.28359721751934,0.02652809234825409,0.08844485551772792,99.5,100.0,100.0,100.0,99.5,100.0,100.0
champion,14,same_xx,factory_prepolish_deep_stress,12,25000,2,0,400,77.67879817979153,0.015612283897325621,0.05251311246045707,100.0,100.0,100.0,100.0,100.0,100.0,100.0
champion,14,same_xx,factory_prepolish_deep_stress,12,25000,2,1,400,77.62313687928955,0.01686112753717139,0.0562863738136077,100.0,100.0,100.0,100.0,100.0,100.0,100.0
champion,14,same_xx,factory_prepolish_deep_stress,12,25000,2,2,400,77.53819493517642,0.018571113517498638,0.06291016212398548,100.0,100.0,100.0,100.0,100.0,100.0,100.0
champion,14,same_xx,factory_prepolish_deep_stress,12,25000,2,3,400,77.48151616389121,0.0179960163822357,0.06094081529348824,100.0,100.0,100.0,100.0,100.0,100.0,100.0
champion,14,same_xx,factory_prepolish_deep_stress,12,25000,2,4,400,77.59235178604764,0.018391583612861657,0.06206629398027665,100.0,100.0,100.0,100.0,100.0,100.0,100.0
champion,14,same_xx,factory_prepolish_deep_stress,12,25000,3,0,400,77.69134407284515,0.016844546560340377,0.05720563982993857,100.0,100.0,100.0,100.0,100.0,100.0,100.0
champion,14,same_xx,factory_prepolish_deep_stress,12,25000,3,1,400,77.5988007025322,0.017951151047995863,0.06019308404667284,100.0,100.0,100.0,100.0,100.0,100.0,100.0
champion,14,same_xx,factory_prepolish_deep_stress,12,25000,3,2,400,77.64013495390017,0.016141150638598105,0.054360030395169574,100.0,100.0,100.0,100.0,100.0,100.0,100.0
champion,14,same_xx,factory_prepolish_deep_stress,12,25000,3,3,400,77.62591871116877,0.016406046246559967,0.055665547407432264,100.0,100.0,100.0,100.0,100.0,100.0,100.0
champion,14,same_xx,factory_prepolish_deep_stress,12,25000,3,4,400,77.66140158154977,0.018153376114121777,0.06134307149696763,100.0,100.0,100.0,100.0,100.0,100.0,100.0
champion,14,same_xx,factory_prepolish_deep_stress,12,25000,4,0,400,77.70989445296105,0.019978129841565054,0.06770157081614941,100.0,100.0,100.0,100.0,100.0,100.0,100.0
champion,14,same_xx,factory_prepolish_deep_stress,12,25000,4,1,400,77.75459069692931,0.016062655362852573,0.05480635614038796,100.0,100.0,100.0,100.0,100.0,100.0,100.0
champion,14,same_xx,factory_prepolish_deep_stress,12,25000,4,2,400,77.67298440497385,0.018364405620928413,0.06157944853845501,100.0,100.0,100.0,100.0,100.0,100.0,100.0
champion,14,same_xx,factory_prepolish_deep_stress,12,25000,4,3,400,77.61753271183493,0.021226597000730516,0.07093126146432498,100.0,100.0,100.0,100.0,100.0,100.0,100.0
champion,14,same_xx,factory_prepolish_deep_stress,12,25000,4,4,400,77.73041432265238,0.019264698284004712,0.06567669510917191,100.0,100.0,100.0,100.0,100.0,100.0,100.0
champion,14,same_xx,factory_prepolish_deep_defect,8,25000,0,0,400,74.26274010432414,0.027124505407737854,0.09000629388426265,74.5,100.0,100.0,100.0,74.5,100.0,100.0
champion,14,same_xx,factory_prepolish_deep_defect,8,25000,0,1,400,75.04343641474733,0.02414380810359968,0.08128164200195968,80.25,100.0,100.0,100.0,80.25,100.0,100.0
champion,14,same_xx,factory_prepolish_deep_defect,8,25000,0,2,400,77.54233064746909,0.015151040342820232,0.05032352458400571,100.0,100.0,100.0,100.0,100.0,100.0,100.0
champion,14,same_xx,factory_prepolish_deep_defect,8,25000,0,3,400,72.3934155014555,0.032801606921325256,0.10930211124268727,74.0,100.0,100.0,100.0,74.0,100.0,100.0
champion,14,same_xx,factory_prepolish_deep_defect,8,25000,0,4,400,75.21294556446867,0.02327152607413975,0.07696613380112932,88.75,100.0,100.0,100.0,88.75,100.0,100.0
champion,14,same_xx,factory_prepolish_deep_defect,8,25000,1,0,400,77.19972115551882,0.01716807982424583,0.05849729329482873,98.25,100.0,100.0,100.0,98.25,100.0,100.0
champion,14,same_xx,factory_prepolish_deep_defect,8,25000,1,1,400,77.4823357362243,0.016147614157082785,0.05509766687045212,100.0,100.0,100.0,100.0,100.0,100.0,100.0
champion,14,same_xx,factory_prepolish_deep_defect,8,25000,1,2,400,77.46836999077051,0.019010451379456506,0.06330610664291828,100.0,100.0,100.0,100.0,100.0,100.0,100.0
champion,14,same_xx,factory_prepolish_deep_defect,8,25000,1,3,400,69.96718662230145,0.045979822776488544,0.15410207053692926,58.5,100.0,100.0,100.0,58.5,100.0,100.0
champion,14,same_xx,factory_prepolish_deep_defect,8,25000,1,4,400,77.21716821678419,0.024863966011903434,0.08303049828683658,98.75,100.0,100.0,100.0,98.75,100.0,100.0
champion,14,same_xx,factory_prepolish_deep_defect,8,25000,2,0,400,77.67862495212212,0.015607162426789658,0.052494895403395914,100.0,100.0,100.0,100.0,100.0,100.0,100.0
champion,14,same_xx,factory_prepolish_deep_defect,8,25000,2,1,400,77.62086616831881,0.01680506557344862,0.05610437250795546,100.0,100.0,100.0,100.0,100.0,100.0,100.0
champion,14,same_xx,factory_prepolish_deep_defect,8,25000,2,2,400,77.51923726071189,0.018099476649516496,0.06133866831217961,100.0,100.0,100.0,100.0,100.0,100.0,100.0
champion,14,same_xx,factory_prepolish_deep_defect,8,25000,2,3,400,77.43550296143843,0.01687885716934776,0.05722500306873881,100.0,100.0,100.0,100.0,100.0,100.0,100.0
champion,14,same_xx,factory_prepolish_deep_defect,8,25000,2,4,400,77.5732550937475,0.017862924326973582,0.06033322741275919,100.0,100.0,100.0,100.0,100.0,100.0,100.0
champion,14,same_xx,factory_prepolish_deep_defect,8,25000,3,0,400,77.69135073944653,0.016843612512682814,0.05720308611358875,100.0,100.0,100.0,100.0,100.0,100.0,100.0
champion,14,same_xx,factory_prepolish_deep_defect,8,25000,3,1,400,77.59842907396092,0.017944536697759257,0.06017261324596897,100.0,100.0,100.0,100.0,100.0,100.0,100.0
champion,14,same_xx,factory_prepolish_deep_defect,8,25000,3,2,400,77.63734224983452,0.01607637022882609,0.054140160993721355,100.0,100.0,100.0,100.0,100.0,100.0,100.0
champion,14,same_xx,factory_prepolish_deep_defect,8,25000,3,3,400,77.61845986928576,0.01623894227600122,0.055102375748326056,100.0,100.0,100.0,100.0,100.0,100.0,100.0
champion,14,same_xx,factory_prepolish_deep_defect,8,25000,3,4,400,77.65734788898546,0.018055763001676974,0.06102298274215226,100.0,100.0,100.0,100.0,100.0,100.0,100.0
champion,14,same_xx,factory_prepolish_deep_defect,8,25000,4,0,400,77.7099684503773,0.019978928461248588,0.06770383090036992,100.0,100.0,100.0,100.0,100.0,100.0,100.0
champion,14,same_xx,factory_prepolish_deep_defect,8,25000,4,1,400,77.75455744466494,0.01606282148146799,0.05480481160420924,100.0,100.0,100.0,100.0,100.0,100.0,100.0
champion,14,same_xx,factory_prepolish_deep_defect,8,25000,4,2,400,77.67286505881404,0.018363569779496876,0.06157883537561987,100.0,100.0,100.0,100.0,100.0,100.0,100.0
champion,14,same_xx,factory_prepolish_deep_defect,8,25000,4,3,400,77.61712886229974,0.021219417417478407,0.070909811847351,100.0,100.0,100.0,100.0,100.0,100.0,100.0
champion,14,same_xx,factory_prepolish_deep_defect,8,25000,4,4,400,77.73008419194127,0.01925491412848496,0.06564403116939015,100.0,100.0,100.0,100.0,100.0,100.0,100.0
champion,14,same_xx,legacy_stress,0,25000,0,0,400,77.60037127593401,0.01796087362506799,0.06067433283445057,100.0,100.0,100.0,100.0,100.0,100.0,100.0
champion,14,same_xx,legacy_stress,0,25000,0,1,400,77.59336088214995,0.016025036247483956,0.05424448949425221,100.0,100.0,100.0,100.0,100.0,100.0,100.0
champion,14,same_xx,legacy_stress,0,25000,0,2,400,77.62063561379446,0.014786877895868465,0.05005931866490228,100.0,100.0,100.0,100.0,100.0,100.0,100.0
champion,14,same_xx,legacy_stress,0,25000,0,3,400,77.57405069452787,0.01229238601626314,0.0415078077156749,100.0,100.0,100.0,100.0,100.0,100.0,100.0
champion,14,same_xx,legacy_stress,0,25000,0,4,400,77.52100080700251,0.013573212964150465,0.045713969113746755,100.0,100.0,100.0,100.0,100.0,100.0,100.0
champion,14,same_xx,legacy_stress,0,25000,1,0,400,65.20136912552765,0.09898219109400307,0.3270090234742748,57.75,75.75,100.0,100.0,57.75,100.0,100.0
champion,14,same_xx,legacy_stress,0,25000,1,1,400,71.0494580421494,0.04489408906094079,0.1539056913535997,70.75,92.25,100.0,100.0,70.75,100.0,100.0
champion,14,same_xx,legacy_stress,0,25000,1,2,400,75.14073075533501,0.01521802838638054,0.05142415094726187,81.25,100.0,100.0,100.0,81.25,100.0,100.0
champion,14,same_xx,legacy_stress,0,25000,1,3,400,70.88446932472678,0.03918062950209947,0.13110318065071347,70.75,93.25,100.0,100.0,70.75,100.0,100.0
champion,14,same_xx,legacy_stress,0,25000,1,4,400,67.09690789785114,0.052461433725757074,0.17810642239661617,54.50000000000001,89.25,100.0,99.75,54.50000000000001,100.0,100.0
champion,14,same_xx,legacy_stress,0,25000,2,0,400,77.56278827788654,0.015069441450738606,0.051037428654842426,100.0,100.0,100.0,100.0,100.0,100.0,100.0
champion,14,same_xx,legacy_stress,0,25000,2,1,400,77.52071882207693,0.013564912571719531,0.04558916280903581,100.0,100.0,100.0,100.0,100.0,100.0,100.0
champion,14,same_xx,legacy_stress,0,25000,2,2,400,77.58073825673424,0.014235049479588363,0.04850549336209238,100.0,100.0,100.0,100.0,100.0,100.0,100.0
champion,14,same_xx,legacy_stress,0,25000,2,3,400,67.00727907067949,0.07837070119192731,0.26379909231385107,64.75,81.75,100.0,100.0,64.75,100.0,100.0
champion,14,same_xx,legacy_stress,0,25000,2,4,400,76.70630436140364,0.015109908625373107,0.050850578824913416,95.75,99.75,100.0,100.0,95.75,100.0,100.0
champion,14,same_xx,legacy_stress,0,25000,3,0,400,77.6591305671373,0.016029092372896625,0.05412726221411708,100.0,100.0,100.0,100.0,100.0,100.0,100.0
champion,14,same_xx,legacy_stress,0,25000,3,1,400,77.6185887188103,0.01275929820187895,0.043576782295349704,100.0,100.0,100.0,100.0,100.0,100.0,100.0
champion,14,same_xx,legacy_stress,0,25000,3,2,400,76.01136865836719,0.012733140911851588,0.0435377884217613,89.75,100.0,100.0,100.0,89.75,100.0,100.0
champion,14,same_xx,legacy_stress,0,25000,3,3,400,74.03900560184454,0.012596058705116112,0.04285064505666127,83.5,100.0,100.0,100.0,83.5,100.0,100.0
champion,14,same_xx,legacy_stress,0,25000,3,4,400,77.601989023597,0.01415228354182998,0.04794372500757122,100.0,100.0,100.0,100.0,100.0,100.0,100.0
champion,14,same_xx,legacy_stress,0,25000,4,0,400,77.71168654760073,0.015008296249785147,0.05037880032486001,100.0,100.0,100.0,100.0,100.0,100.0,100.0
champion,14,same_xx,legacy_stress,0,25000,4,1,400,75.57228446941113,0.015679484673348103,0.05279137407454658,85.0,100.0,100.0,100.0,85.0,100.0,100.0
champion,14,same_xx,legacy_stress,0,25000,4,2,400,75.76395244349511,0.013995361909023346,0.04704015548938817,90.5,100.0,100.0,100.0,90.5,100.0,100.0
champion,14,same_xx,legacy_stress,0,25000,4,3,400,77.63302550827068,0.014848058813285681,0.05063664251323303,100.0,100.0,100.0,100.0,100.0,100.0,100.0
champion,14,same_xx,legacy_stress,0,25000,4,4,400,77.72469185031818,0.018317565951528975,0.061644356458816024,100.0,100.0,100.0,100.0,100.0,100.0,100.0
champion,14,same_xx,legacy_stress,3,25291,0,0,400,77.77029410658297,0.021299458126014536,0.071649972749215,100.0,100.0,100.0,100.0,100.0,100.0,100.0
champion,14,same_xx,legacy_stress,3,25291,0,1,400,77.56736184421686,0.019916546871514867,0.06667083774804476,100.0,100.0,100.0,100.0,100.0,100.0,100.0
champion,14,same_xx,legacy_stress,3,25291,0,2,400,67.72057375191348,0.07637864349316968,0.2553686332037402,67.5,81.75,100.0,100.0,67.5,100.0,100.0
champion,14,same_xx,legacy_stress,3,25291,0,3,400,73.14747694593983,0.034559719635432175,0.11648289884065458,79.25,96.0,100.0,100.0,79.25,100.0,100.0
champion,14,same_xx,legacy_stress,3,25291,0,4,400,75.60318885854473,0.019677976419244847,0.06584024389783401,88.5,100.0,100.0,100.0,88.5,100.0,100.0
champion,14,same_xx,legacy_stress,3,25291,1,0,400,77.55386744822025,0.01405120476772732,0.04739319176591225,100.0,100.0,100.0,100.0,100.0,100.0,100.0
champion,14,same_xx,legacy_stress,3,25291,1,1,400,77.5238141897922,0.012948261095190636,0.04406464918442972,100.0,100.0,100.0,100.0,100.0,100.0,100.0
champion,14,same_xx,legacy_stress,3,25291,1,2,400,76.99081875724758,0.01632630249236355,0.05517722988678967,97.25,100.0,100.0,100.0,97.25,100.0,100.0
champion,14,same_xx,legacy_stress,3,25291,1,3,400,59.96274660969927,0.1278847609764345,0.4220866212002637,37.5,68.25,100.0,100.0,37.5,100.0,100.0
champion,14,same_xx,legacy_stress,3,25291,1,4,400,72.70280230604872,0.034648457346779245,0.11422976961593431,75.5,100.0,100.0,100.0,75.5,100.0,100.0
champion,14,same_xx,legacy_stress,3,25291,2,0,400,69.02068833130163,0.053952865164655764,0.17988265858267075,65.25,92.25,100.0,100.0,65.25,100.0,100.0
champion,14,same_xx,legacy_stress,3,25291,2,1,400,76.1456111789019,0.014619779767008088,0.050379166895087854,94.75,100.0,100.0,100.0,94.75,100.0,100.0
champion,14,same_xx,legacy_stress,3,25291,2,2,400,58.636651455724696,0.13539787630132627,0.45237145309597915,31.5,68.75,100.0,100.0,31.5,100.0,100.0
champion,14,same_xx,legacy_stress,3,25291,2,3,400,63.38953802575034,0.09391109134729653,0.3134733535101087,41.5,82.5,100.0,100.0,41.5,100.0,100.0
champion,14,same_xx,legacy_stress,3,25291,2,4,400,77.53487226041686,0.015558516586739197,0.05240279354290872,100.0,100.0,100.0,100.0,100.0,100.0,100.0
champion,14,same_xx,legacy_stress,3,25291,3,0,400,73.67568454511779,0.02880000301502648,0.09806652779678034,79.75,98.75,100.0,100.0,79.75,100.0,100.0
champion,14,same_xx,legacy_stress,3,25291,3,1,400,72.22388294967762,0.03172624268608836,0.10665403267895962,63.5,100.0,100.0,100.0,63.5,100.0,100.0
champion,14,same_xx,legacy_stress,3,25291,3,2,400,67.71183710936904,0.07145573161894085,0.24177512760522427,55.75,89.25,100.0,100.0,55.75,100.0,100.0
champion,14,same_xx,legacy_stress,3,25291,3,3,400,74.09301085635377,0.024212292581347068,0.08217981809394401,78.5,99.75,100.0,100.0,78.5,100.0,100.0
champion,14,same_xx,legacy_stress,3,25291,3,4,400,77.53171981048601,0.01425275497567673,0.04784029601789019,100.0,100.0,100.0,100.0,100.0,100.0,100.0
champion,14,same_xx,legacy_stress,3,25291,4,0,400,77.5347053035146,0.013926600458775983,0.04685104119009329,100.0,100.0,100.0,100.0,100.0,100.0,100.0
champion,14,same_xx,legacy_stress,3,25291,4,1,400,77.51742081036627,0.011835141032444891,0.0398944143835003,100.0,100.0,100.0,100.0,100.0,100.0,100.0
champion,14,same_xx,legacy_stress,3,25291,4,2,400,77.02004421748892,0.015851418484329485,0.053109360075868965,97.75,99.25,100.0,100.0,97.75,100.0,100.0
champion,14,same_xx,legacy_stress,3,25291,4,3,400,60.60309999491512,0.11236891428203301,0.37753504202236826,36.75,80.25,100.0,100.0,36.75,100.0,100.0
champion,14,same_xx,legacy_stress,3,25291,4,4,400,77.40434241973803,0.020014014490571067,0.0666008125645861,99.25,100.0,100.0,100.0,99.25,100.0,100.0
champion,14,same_xx,legacy_stress,1,25097,0,0,400,62.110883621694576,0.12408607175684688,0.41474255604514226,55.00000000000001,69.25,100.0,100.0,55.00000000000001,100.0,100.0
champion,14,same_xx,legacy_stress,1,25097,0,1,400,74.44983852470938,0.024226085126011033,0.08153994042558452,78.25,100.0,100.0,100.0,78.25,100.0,100.0
champion,14,same_xx,legacy_stress,1,25097,0,2,400,71.23389464358122,0.048714104959485055,0.161521747485511,71.0,91.5,100.0,100.0,71.0,100.0,100.0
champion,14,same_xx,legacy_stress,1,25097,0,3,400,71.23382717257097,0.044388660343289296,0.15224200135371638,79.25,92.75,100.0,100.0,79.25,100.0,100.0
champion,14,same_xx,legacy_stress,1,25097,0,4,400,65.52477978697442,0.09515546406068866,0.3012537042305306,63.0,79.25,100.0,100.0,63.0,100.0,100.0
champion,14,same_xx,legacy_stress,1,25097,1,0,400,67.95405001014474,0.07483009041076195,0.2545132993176747,69.5,81.75,100.0,100.0,69.5,100.0,100.0
champion,14,same_xx,legacy_stress,1,25097,1,1,400,75.84845027162021,0.014206157706370699,0.04871179881444401,88.0,100.0,100.0,100.0,88.0,100.0,100.0
champion,14,same_xx,legacy_stress,1,25097,1,2,400,57.73781764110214,0.15039319497203696,0.49474162705104746,37.0,60.0,100.0,100.0,37.0,100.0,100.0
champion,14,same_xx,legacy_stress,1,25097,1,3,400,68.04038943417981,0.08360075377515218,0.27951226905713056,70.5,81.25,100.0,100.0,70.5,100.0,100.0
champion,14,same_xx,legacy_stress,1,25097,1,4,400,77.33408511799935,0.01726949901589926,0.058830205204839225,98.5,100.0,100.0,100.0,98.5,100.0,100.0
champion,14,same_xx,legacy_stress,1,25097,2,0,400,77.56143644032778,0.013776766686690846,0.04677430988786492,100.0,100.0,100.0,100.0,100.0,100.0,100.0
champion,14,same_xx,legacy_stress,1,25097,2,1,400,77.30447330630986,0.012833515651838682,0.04348870123155201,99.0,100.0,100.0,100.0,99.0,100.0,100.0
champion,14,same_xx,legacy_stress,1,25097,2,2,400,72.90579116118161,0.0465452592198491,0.1533694220764843,82.75,91.5,100.0,100.0,82.75,100.0,100.0
champion,14,same_xx,legacy_stress,1,25097,2,3,400,57.895392799156525,0.141238734290847,0.4696423220489987,23.5,69.25,100.0,100.0,23.5,100.0,100.0
champion,14,same_xx,legacy_stress,1,25097,2,4,400,77.3143667841668,0.017240866691910325,0.05850482628871673,98.25,100.0,100.0,100.0,98.25,100.0,100.0
champion,14,same_xx,legacy_stress,1,25097,3,0,400,77.5721934063465,0.015572158557017102,0.05271037718538035,99.5,100.0,100.0,100.0,99.5,100.0,100.0
champion,14,same_xx,legacy_stress,1,25097,3,1,400,73.85194824720716,0.025684739278784466,0.0859542455796306,75.25,98.75,100.0,100.0,75.25,100.0,100.0
champion,14,same_xx,legacy_stress,1,25097,3,2,400,67.67419504373903,0.06026770382812194,0.1982466051045686,39.5,98.5,100.0,100.0,39.5,100.0,100.0
champion,14,same_xx,legacy_stress,1,25097,3,3,400,66.98165613666073,0.07723614217223816,0.25438523045653716,51.0,86.25,100.0,100.0,51.0,100.0,100.0
champion,14,same_xx,legacy_stress,1,25097,3,4,400,62.533396481809625,0.09347212318170751,0.31178376826717347,39.75,84.5,100.0,99.75,39.75,100.0,100.0
champion,14,same_xx,legacy_stress,1,25097,4,0,400,77.54132921863028,0.018047141948712774,0.06064640953846032,99.25,100.0,100.0,100.0,99.25,100.0,100.0
champion,14,same_xx,legacy_stress,1,25097,4,1,400,61.28186289100262,0.13662190130355498,0.4545709450298704,51.0,66.25,100.0,100.0,51.0,100.0,100.0
champion,14,same_xx,legacy_stress,1,25097,4,2,400,71.27230907480075,0.04434093833036723,0.1483207125909174,67.5,98.75,100.0,100.0,67.5,100.0,100.0
champion,14,same_xx,legacy_stress,1,25097,4,3,400,65.69138280040696,0.07331621809796786,0.24638741907094533,42.75,94.0,100.0,100.0,42.75,100.0,100.0
champion,14,same_xx,legacy_stress,1,25097,4,4,400,76.391614973835,0.020699702360717068,0.06913542858721275,94.0,99.25,100.0,100.0,94.0,100.0,100.0
champion,14,same_xx,legacy_stress,2,25194,0,0,400,76.17837560836298,0.02120053613911693,0.07210340826018967,95.25,98.5,100.0,100.0,95.25,100.0,100.0
champion,14,same_xx,legacy_stress,2,25194,0,1,400,68.39553447689224,0.06933437328231656,0.23200181786724702,60.0,87.25,100.0,100.0,60.0,100.0,100.0
champion,14,same_xx,legacy_stress,2,25194,0,2,400,61.405328183312285,0.12699392030092288,0.4228593622631072,42.25,68.25,100.0,100.0,42.25,100.0,100.0
champion,14,same_xx,legacy_stress,2,25194,0,3,400,71.08965990463183,0.05983829690951112,0.20174096124969182,78.5,87.25,100.0,100.0,78.5,100.0,100.0
champion,14,same_xx,legacy_stress,2,25194,0,4,400,77.49400366940658,0.017568878853967008,0.05955717916571496,100.0,100.0,100.0,100.0,100.0,100.0,100.0
champion,14,same_xx,legacy_stress,2,25194,1,0,400,70.42917425286242,0.06767986342306789,0.2194847910126337,75.75,83.0,100.0,100.0,75.75,100.0,100.0
champion,14,same_xx,legacy_stress,2,25194,1,1,400,73.00277025770836,0.037149444946617455,0.12068669420123608,73.75,95.25,100.0,100.0,73.75,100.0,100.0
champion,14,same_xx,legacy_stress,2,25194,1,2,400,69.33662230294732,0.06272380243994145,0.20702214022754017,68.0,87.5,100.0,100.0,68.0,100.0,100.0
champion,14,same_xx,legacy_stress,2,25194,1,3,400,65.50685735272016,0.06895141818690477,0.2326765844330332,33.75,93.0,100.0,100.0,33.75,100.0,100.0
champion,14,same_xx,legacy_stress,2,25194,1,4,400,69.72144890801796,0.05070743535628734,0.17100961897978365,64.0,96.25,100.0,100.0,64.0,100.0,100.0
champion,14,same_xx,legacy_stress,2,25194,2,0,400,68.13687711684919,0.05023199146654256,0.16948144543492724,53.0,98.0,100.0,100.0,53.0,100.0,100.0
champion,14,same_xx,legacy_stress,2,25194,2,1,400,73.95346696991898,0.023903113092160613,0.08030870246634805,69.75,100.0,100.0,100.0,69.75,100.0,100.0
champion,14,same_xx,legacy_stress,2,25194,2,2,400,63.275452538493845,0.08901482032674377,0.2951909028871624,28.000000000000004,87.5,100.0,100.0,28.000000000000004,100.0,100.0
champion,14,same_xx,legacy_stress,2,25194,2,3,400,61.52587654216512,0.10729239534101852,0.3570301406903219,31.5,85.0,100.0,100.0,31.5,100.0,100.0
champion,14,same_xx,legacy_stress,2,25194,2,4,400,77.10072289573338,0.013851313270771371,0.04688058323994397,98.5,100.0,100.0,100.0,98.5,100.0,100.0
champion,14,same_xx,legacy_stress,2,25194,3,0,400,69.84885612297028,0.0490619690192967,0.16228157289051853,65.75,95.0,100.0,100.0,65.75,100.0,100.0
champion,14,same_xx,legacy_stress,2,25194,3,1,400,77.39776927720055,0.010152141372187215,0.034456718031787334,100.0,100.0,100.0,100.0,100.0,100.0,100.0
champion,14,same_xx,legacy_stress,2,25194,3,2,400,66.80943556114481,0.06317182238578356,0.21171608364210626,45.75,95.25,100.0,100.0,45.75,100.0,100.0
champion,14,same_xx,legacy_stress,2,25194,3,3,400,71.47958412049753,0.04542924982064964,0.15143014159045268,77.25,94.25,100.0,100.0,77.25,100.0,100.0
champion,14,same_xx,legacy_stress,2,25194,3,4,400,71.9844598970902,0.03577214387742486,0.1212955265348921,65.5,100.0,100.0,100.0,65.5,100.0,100.0
champion,14,same_xx,legacy_stress,2,25194,4,0,400,77.41939826365356,0.014941178782263153,0.049699231799835035,100.0,100.0,100.0,100.0,100.0,100.0,100.0
champion,14,same_xx,legacy_stress,2,25194,4,1,400,77.58228889425192,0.01420144309211858,0.047525722632166284,100.0,100.0,100.0,100.0,100.0,100.0,100.0
champion,14,same_xx,legacy_stress,2,25194,4,2,400,72.15022012794971,0.0451295536427035,0.1527424732027678,80.25,91.0,100.0,100.0,80.25,100.0,100.0
champion,14,same_xx,legacy_stress,2,25194,4,3,400,66.57287718631294,0.0909702085748454,0.29735083082855673,65.5,75.75,100.0,100.0,65.5,100.0,100.0
champion,14,same_xx,legacy_stress,2,25194,4,4,400,71.82982087799674,0.0436120897460494,0.14801442750812702,66.25,98.0,100.0,100.0,66.25,100.0,100.0
