observation_mode,observation_dim,feature_name,n,mean,std,min,max
base14,14,force_mean_norm,15,0.0,0.0,0.0,0.0
base14,14,force_error_norm,15,-1.1555999517440796,0.0,-1.1555999517440796,-1.1555999517440796
base14,14,force_delta_norm,15,0.0,0.0,0.0,0.0
base14,14,feed_cmd_norm,15,1.2699999809265137,0.0,1.2699999809265137,1.2699999809265137
base14,14,path_progress,15,0.002177143463632092,0.0022088315905478264,0.0,0.006047623232007027
base14,14,local_scratch_mean_norm,15,0.0,0.0,0.0,0.0
base14,14,local_scratch_max_norm,15,0.0,0.0,0.0,0.0
base14,14,local_removal_norm,15,0.0,0.0,0.0,0.0
base14,14,local_clearcoat_margin_norm,15,0.856643533706665,0.175633868220652,0.6344253420829773,1.0
base14,14,previous_force_action,15,0.0,0.0,0.0,0.0
base14,14,previous_feed_action,15,0.0,0.0,0.0,0.0
base14,14,local_temperature_mean_norm,15,0.0,0.0,0.0,0.0
base14,14,local_temperature_peak_norm,15,0.0,0.0,0.0,0.0
base14,14,local_thermal_damage_norm,15,0.0,0.0,0.0,0.0
global20,20,force_mean_norm,15,0.0,0.0,0.0,0.0
global20,20,force_error_norm,15,-1.1555999517440796,0.0,-1.1555999517440796,-1.1555999517440796
global20,20,force_delta_norm,15,0.0,0.0,0.0,0.0
global20,20,feed_cmd_norm,15,1.2699999809265137,0.0,1.2699999809265137,1.2699999809265137
global20,20,path_progress,15,0.002177143463632092,0.0022088315905478264,0.0,0.006047623232007027
global20,20,local_scratch_mean_norm,15,0.0,0.0,0.0,0.0
global20,20,local_scratch_max_norm,15,0.0,0.0,0.0,0.0
global20,20,local_removal_norm,15,0.0,0.0,0.0,0.0
global20,20,local_clearcoat_margin_norm,15,0.856643533706665,0.175633868220652,0.6344253420829773,1.0
global20,20,previous_force_action,15,0.0,0.0,0.0,0.0
global20,20,previous_feed_action,15,0.0,0.0,0.0,0.0
global20,20,local_temperature_mean_norm,15,0.0,0.0,0.0,0.0
global20,20,local_temperature_peak_norm,15,0.0,0.0,0.0,0.0
global20,20,local_thermal_damage_norm,15,0.0,0.0,0.0,0.0
global20,20,inspection_pass_norm,15,0.0,0.0,0.0,0.0
global20,20,gu_shortfall_norm,15,0.3505871544281642,0.13779210277458434,0.15575383603572845,0.45116275548934937
global20,20,ra_excess_norm,15,0.0,0.0,0.0,0.0
global20,20,rz_excess_norm,15,0.0,0.0,0.0,0.0
global20,20,clearcoat_margin_norm,15,0.6292973160743713,0.0,0.6292973160743713,0.6292973160743713
global20,20,center_edge_removal_delta_norm,15,0.0,0.0,0.0,0.0
spatial120,120,force_mean_norm,15,0.0,0.0,0.0,0.0
spatial120,120,force_error_norm,15,-1.1555999517440796,0.0,-1.1555999517440796,-1.1555999517440796
spatial120,120,force_delta_norm,15,0.0,0.0,0.0,0.0
spatial120,120,feed_cmd_norm,15,1.2699999809265137,0.0,1.2699999809265137,1.2699999809265137
spatial120,120,path_progress,15,0.002177143463632092,0.0022088315905478264,0.0,0.006047623232007027
spatial120,120,local_scratch_mean_norm,15,0.0,0.0,0.0,0.0
spatial120,120,local_scratch_max_norm,15,0.0,0.0,0.0,0.0
spatial120,120,local_removal_norm,15,0.0,0.0,0.0,0.0
spatial120,120,local_clearcoat_margin_norm,15,0.856643533706665,0.175633868220652,0.6344253420829773,1.0
spatial120,120,previous_force_action,15,0.0,0.0,0.0,0.0
spatial120,120,previous_feed_action,15,0.0,0.0,0.0,0.0
spatial120,120,local_temperature_mean_norm,15,0.0,0.0,0.0,0.0
spatial120,120,local_temperature_peak_norm,15,0.0,0.0,0.0,0.0
spatial120,120,local_thermal_damage_norm,15,0.0,0.0,0.0,0.0
spatial120,120,inspection_pass_norm,15,0.0,0.0,0.0,0.0
spatial120,120,gu_shortfall_norm,15,0.3505871544281642,0.13779210277458434,0.15575383603572845,0.45116275548934937
spatial120,120,ra_excess_norm,15,0.0,0.0,0.0,0.0
spatial120,120,rz_excess_norm,15,0.0,0.0,0.0,0.0
spatial120,120,clearcoat_margin_norm,15,0.6292973160743713,0.0,0.6292973160743713,0.6292973160743713
spatial120,120,center_edge_removal_delta_norm,15,0.0,0.0,0.0,0.0
spatial120,120,tile_scratch_max_um_x0_y0_norm,15,0.0,0.0,0.0,0.0
spatial120,120,tile_scratch_max_um_x0_y1_norm,15,0.0,0.0,0.0,0.0
spatial120,120,tile_scratch_max_um_x0_y2_norm,15,0.3218300441900889,0.24346488276198797,0.0,0.588725209236145
spatial120,120,tile_scratch_max_um_x0_y3_norm,15,0.3248029947280884,0.2452935833159321,0.0,0.5927065014839172
spatial120,120,tile_scratch_max_um_x0_y4_norm,15,0.0,0.0,0.0,0.0
spatial120,120,tile_scratch_max_um_x1_y0_norm,15,0.0,0.0,0.0,0.0
spatial120,120,tile_scratch_max_um_x1_y1_norm,15,0.0,0.0,0.0,0.0
spatial120,120,tile_scratch_max_um_x1_y2_norm,15,0.0,0.0,0.0,0.0
spatial120,120,tile_scratch_max_um_x1_y3_norm,15,0.0,0.0,0.0,0.0
spatial120,120,tile_scratch_max_um_x1_y4_norm,15,0.0,0.0,0.0,0.0
spatial120,120,tile_scratch_max_um_x2_y0_norm,15,0.0,0.0,0.0,0.0
spatial120,120,tile_scratch_max_um_x2_y1_norm,15,0.0,0.0,0.0,0.0
spatial120,120,tile_scratch_max_um_x2_y2_norm,15,0.18659506738185883,0.0,0.18659506738185883,0.18659506738185883
spatial120,120,tile_scratch_max_um_x2_y3_norm,15,0.0,0.0,0.0,0.0
spatial120,120,tile_scratch_max_um_x2_y4_norm,15,0.0,0.0,0.0,0.0
spatial120,120,tile_scratch_max_um_x3_y0_norm,15,0.12856973707675934,0.0,0.12856973707675934,0.12856973707675934
spatial120,120,tile_scratch_max_um_x3_y1_norm,15,0.0,0.0,0.0,0.0
spatial120,120,tile_scratch_max_um_x3_y2_norm,15,0.22587786614894867,0.0,0.22587786614894867,0.22587786614894867
spatial120,120,tile_scratch_max_um_x3_y3_norm,15,0.0,0.0,0.0,0.0
spatial120,120,tile_scratch_max_um_x3_y4_norm,15,0.0,0.0,0.0,0.0
spatial120,120,tile_scratch_max_um_x4_y0_norm,15,0.14905403554439545,0.0,0.14905403554439545,0.14905403554439545
spatial120,120,tile_scratch_max_um_x4_y1_norm,15,0.0,0.0,0.0,0.0
spatial120,120,tile_scratch_max_um_x4_y2_norm,15,0.1634274572134018,0.0,0.1634274572134018,0.1634274572134018
spatial120,120,tile_scratch_max_um_x4_y3_norm,15,0.0,0.0,0.0,0.0
spatial120,120,tile_scratch_max_um_x4_y4_norm,15,0.0,0.0,0.0,0.0
spatial120,120,tile_removal_mean_um_x0_y0_norm,15,0.0,0.0,0.0,0.0
spatial120,120,tile_removal_mean_um_x0_y1_norm,15,0.0,0.0,0.0,0.0
spatial120,120,tile_removal_mean_um_x0_y2_norm,15,0.0,0.0,0.0,0.0
spatial120,120,tile_removal_mean_um_x0_y3_norm,15,0.0,0.0,0.0,0.0
spatial120,120,tile_removal_mean_um_x0_y4_norm,15,0.0,0.0,0.0,0.0
spatial120,120,tile_removal_mean_um_x1_y0_norm,15,0.0,0.0,0.0,0.0
spatial120,120,tile_removal_mean_um_x1_y1_norm,15,0.0,0.0,0.0,0.0
spatial120,120,tile_removal_mean_um_x1_y2_norm,15,0.0,0.0,0.0,0.0
spatial120,120,tile_removal_mean_um_x1_y3_norm,15,0.0,0.0,0.0,0.0
spatial120,120,tile_removal_mean_um_x1_y4_norm,15,0.0,0.0,0.0,0.0
spatial120,120,tile_removal_mean_um_x2_y0_norm,15,0.0,0.0,0.0,0.0
spatial120,120,tile_removal_mean_um_x2_y1_norm,15,0.0,0.0,0.0,0.0
spatial120,120,tile_removal_mean_um_x2_y2_norm,15,0.0,0.0,0.0,0.0
spatial120,120,tile_removal_mean_um_x2_y3_norm,15,0.0,0.0,0.0,0.0
spatial120,120,tile_removal_mean_um_x2_y4_norm,15,0.0,0.0,0.0,0.0
spatial120,120,tile_removal_mean_um_x3_y0_norm,15,0.0,0.0,0.0,0.0
spatial120,120,tile_removal_mean_um_x3_y1_norm,15,0.0,0.0,0.0,0.0
spatial120,120,tile_removal_mean_um_x3_y2_norm,15,0.0,0.0,0.0,0.0
spatial120,120,tile_removal_mean_um_x3_y3_norm,15,0.0,0.0,0.0,0.0
spatial120,120,tile_removal_mean_um_x3_y4_norm,15,0.0,0.0,0.0,0.0
spatial120,120,tile_removal_mean_um_x4_y0_norm,15,0.0,0.0,0.0,0.0
spatial120,120,tile_removal_mean_um_x4_y1_norm,15,0.0,0.0,0.0,0.0
spatial120,120,tile_removal_mean_um_x4_y2_norm,15,0.0,0.0,0.0,0.0
spatial120,120,tile_removal_mean_um_x4_y3_norm,15,0.0,0.0,0.0,0.0
spatial120,120,tile_removal_mean_um_x4_y4_norm,15,0.0,0.0,0.0,0.0
spatial120,120,tile_under_fraction_x0_y0_norm,15,0.0,0.0,0.0,0.0
spatial120,120,tile_under_fraction_x0_y1_norm,15,0.0,0.0,0.0,0.0
spatial120,120,tile_under_fraction_x0_y2_norm,15,0.0,0.0,0.0,0.0
spatial120,120,tile_under_fraction_x0_y3_norm,15,0.0,0.0,0.0,0.0
spatial120,120,tile_under_fraction_x0_y4_norm,15,0.0,0.0,0.0,0.0
spatial120,120,tile_under_fraction_x1_y0_norm,15,0.0,0.0,0.0,0.0
spatial120,120,tile_under_fraction_x1_y1_norm,15,0.0,0.0,0.0,0.0
spatial120,120,tile_under_fraction_x1_y2_norm,15,0.0,0.0,0.0,0.0
spatial120,120,tile_under_fraction_x1_y3_norm,15,0.0,0.0,0.0,0.0
spatial120,120,tile_under_fraction_x1_y4_norm,15,0.0,0.0,0.0,0.0
spatial120,120,tile_under_fraction_x2_y0_norm,15,0.0,0.0,0.0,0.0
spatial120,120,tile_under_fraction_x2_y1_norm,15,0.0,0.0,0.0,0.0
spatial120,120,tile_under_fraction_x2_y2_norm,15,0.0,0.0,0.0,0.0
spatial120,120,tile_under_fraction_x2_y3_norm,15,0.0,0.0,0.0,0.0
spatial120,120,tile_under_fraction_x2_y4_norm,15,0.0,0.0,0.0,0.0
spatial120,120,tile_under_fraction_x3_y0_norm,15,0.0,0.0,0.0,0.0
spatial120,120,tile_under_fraction_x3_y1_norm,15,0.0,0.0,0.0,0.0
spatial120,120,tile_under_fraction_x3_y2_norm,15,0.0,0.0,0.0,0.0
spatial120,120,tile_under_fraction_x3_y3_norm,15,0.0,0.0,0.0,0.0
spatial120,120,tile_under_fraction_x3_y4_norm,15,0.0,0.0,0.0,0.0
spatial120,120,tile_under_fraction_x4_y0_norm,15,0.0,0.0,0.0,0.0
spatial120,120,tile_under_fraction_x4_y1_norm,15,0.0,0.0,0.0,0.0
spatial120,120,tile_under_fraction_x4_y2_norm,15,0.0,0.0,0.0,0.0
spatial120,120,tile_under_fraction_x4_y3_norm,15,0.0,0.0,0.0,0.0
spatial120,120,tile_under_fraction_x4_y4_norm,15,0.0,0.0,0.0,0.0
spatial120,120,tile_over_fraction_x0_y0_norm,15,0.0,0.0,0.0,0.0
spatial120,120,tile_over_fraction_x0_y1_norm,15,0.0,0.0,0.0,0.0
spatial120,120,tile_over_fraction_x0_y2_norm,15,0.0,0.0,0.0,0.0
spatial120,120,tile_over_fraction_x0_y3_norm,15,0.0,0.0,0.0,0.0
spatial120,120,tile_over_fraction_x0_y4_norm,15,0.0,0.0,0.0,0.0
spatial120,120,tile_over_fraction_x1_y0_norm,15,0.0,0.0,0.0,0.0
spatial120,120,tile_over_fraction_x1_y1_norm,15,0.0,0.0,0.0,0.0
spatial120,120,tile_over_fraction_x1_y2_norm,15,0.0,0.0,0.0,0.0
spatial120,120,tile_over_fraction_x1_y3_norm,15,0.0,0.0,0.0,0.0
spatial120,120,tile_over_fraction_x1_y4_norm,15,0.0,0.0,0.0,0.0
spatial120,120,tile_over_fraction_x2_y0_norm,15,0.0,0.0,0.0,0.0
spatial120,120,tile_over_fraction_x2_y1_norm,15,0.0,0.0,0.0,0.0
spatial120,120,tile_over_fraction_x2_y2_norm,15,0.0,0.0,0.0,0.0
spatial120,120,tile_over_fraction_x2_y3_norm,15,0.0,0.0,0.0,0.0
spatial120,120,tile_over_fraction_x2_y4_norm,15,0.0,0.0,0.0,0.0
spatial120,120,tile_over_fraction_x3_y0_norm,15,0.0,0.0,0.0,0.0
spatial120,120,tile_over_fraction_x3_y1_norm,15,0.0,0.0,0.0,0.0
spatial120,120,tile_over_fraction_x3_y2_norm,15,0.0,0.0,0.0,0.0
spatial120,120,tile_over_fraction_x3_y3_norm,15,0.0,0.0,0.0,0.0
spatial120,120,tile_over_fraction_x3_y4_norm,15,0.0,0.0,0.0,0.0
spatial120,120,tile_over_fraction_x4_y0_norm,15,0.0,0.0,0.0,0.0
spatial120,120,tile_over_fraction_x4_y1_norm,15,0.0,0.0,0.0,0.0
spatial120,120,tile_over_fraction_x4_y2_norm,15,0.0,0.0,0.0,0.0
spatial120,120,tile_over_fraction_x4_y3_norm,15,0.0,0.0,0.0,0.0
spatial120,120,tile_over_fraction_x4_y4_norm,15,0.0,0.0,0.0,0.0
