sha256,file
b04907cbcc876ba067e89aa45bb42040a3bfb24099c1fd8b56fcf314f0b144fa,gate_e1_champion_then_finish_crossxy_seed42_16_20260831_031000/initial_diagnostics.csv
d71aa4d8fa127b0d0e518bfe61ac957f7fe79ce7858ffd38e3204549e442216f,gate_e1_champion_then_finish_crossxy_seed42_16_20260831_031000/metadata.json
637b5623247b58543678de0e2dd0402f6a575136171dd23e6ef62f68f4425bcc,gate_e1_champion_then_finish_crossxy_seed42_16_20260831_031000/passes.csv
0e8a40510032314b1cfa39c1500cb89e95518a12e111409e6f3ee27de65c414a,gate_e1_champion_then_finish_crossxy_seed42_16_20260831_031000/sequences.csv
b3ea40788c9123ee569625b891fda59da5b5e7c43cfa6ce960a6ba53994c7c61,gate_e1_champion_then_finish_crossxy_seed42_16_20260831_031000/tiles.csv
df3791a1a6ab52ec5de055cbd41e4daa50ca75ca5844e17b771682d3c05bbe5d,gate_e1_champion_then_finish_samexx_seed42_16_20260831_024700/initial_diagnostics.csv
15d6db7668d98fe74aeb5fabe7a9555b67a6ba8ddd983969099205874edbfa40,gate_e1_champion_then_finish_samexx_seed42_16_20260831_024700/metadata.json
4064ca76d8c123e5f0174ebb565895b43ff0d3f7af1c2970948285b34eda5062,gate_e1_champion_then_finish_samexx_seed42_16_20260831_024700/passes.csv
323d5feda200181e420f62435604e669de5b8f2a04b9f7cf22bc97a1bceb4e11,gate_e1_champion_then_finish_samexx_seed42_16_20260831_024700/sequences.csv
c39950976185f3d25487229f63af7b5b9828c9039f934dc570873ae8a9a710e2,gate_e1_champion_then_finish_samexx_seed42_16_20260831_024700/tiles.csv
7b67d245de5b20c5107357d1d723ee12e9cc6bf5d2c60f7975abe2ebf5409124,gate_e1_spatial_guarded_crossxy_seed42_16_20260831_031900/initial_diagnostics.csv
2b2e58e63207e35c1d42b22e11ec2f670b31c7d2886fad3bf64794d5bca52a28,gate_e1_spatial_guarded_crossxy_seed42_16_20260831_031900/metadata.json
cd17c530934b5ad0437c656ae75b1dc76c512bced7f953977689f355e4365b31,gate_e1_spatial_guarded_crossxy_seed42_16_20260831_031900/passes.csv
026ac8cf01cb48758736af60e34ed7b5d97c06662b538fc18782947e621d24d5,gate_e1_spatial_guarded_crossxy_seed42_16_20260831_031900/sequences.csv
08d7e8cb454f59643a7bcf95389a56f78957e0200c9afcb26fa443f00cc404ef,gate_e1_spatial_guarded_crossxy_seed42_16_20260831_031900/tiles.csv
b192229b2d04d81a0b91a1e4d09a75821e5ed70f3209298418c04c8ac3f49e00,gate_e1_spatial_guarded_samexx_seed42_16_20260831_025900/initial_diagnostics.csv
adc24aaad81eaae98f7f7e83800963acd5d50f7b07fae970a195af32bcdfa117,gate_e1_spatial_guarded_samexx_seed42_16_20260831_025900/metadata.json
89de860e67da9af5fc50d286e44ba0e63f1c671d99111ea3ff919436546ff5c7,gate_e1_spatial_guarded_samexx_seed42_16_20260831_025900/passes.csv
ec54d4a7e45ced5f7fd749db97b8cde855e22ab579920046ac366bf4026c6d50,gate_e1_spatial_guarded_samexx_seed42_16_20260831_025900/sequences.csv
51132a44c57435e352bee9d934ee3648e19a5104e47274b213410271dfd48e7e,gate_e1_spatial_guarded_samexx_seed42_16_20260831_025900/tiles.csv
160ad9d509d8993238a7ed15c93737b6f65accea10ae8b6a9271814880c5b486,gate_e1_teacher_screen_summary_seed42_20260831_032000/all_sequences.csv
784d335650ae87a9060c88aec9a979b6c43be627baaa041388ecd668d1353f28,gate_e1_teacher_screen_summary_seed42_20260831_032000/metadata.json
51ca0e5f878c2f3ee0a5d311ec1fa59b1b091403173c316730004e46d3f81eae,gate_e1_teacher_screen_summary_seed42_20260831_032000/paired_teacher_differences.csv
629f1905a9c63cbc764420dc7d43e20af9bdeced65a62b36405e1bab8868b9a8,gate_e1_teacher_screen_summary_seed42_20260831_032000/README.md
5a1ea7c6c1b1775726f5c5b566c098c5c939e0680b03fd7db3d7dbfed37492ed,gate_e1_teacher_screen_summary_seed42_20260831_032000/teacher_profile_summary.csv
