step_over_ratio,edge_mode,direction_mode,tile_x,tile_y,exposure_norm
0.18,legacy_start,same_xx,0,0,0.7278318337854897
0.18,legacy_start,same_xx,0,1,0.938664917871366
0.18,legacy_start,same_xx,0,2,0.941590570402733
0.18,legacy_start,same_xx,0,3,0.9362356435820824
0.18,legacy_start,same_xx,0,4,0.705405959600254
0.18,legacy_start,same_xx,1,0,0.9420947260153727
0.18,legacy_start,same_xx,1,1,1.2114843333413006
0.18,legacy_start,same_xx,1,2,1.2149468663837049
0.18,legacy_start,same_xx,1,3,1.2085492846257124
0.18,legacy_start,same_xx,1,4,0.9129356783457442
0.18,legacy_start,same_xx,2,0,0.9476934196247122
0.18,legacy_start,same_xx,2,1,1.217978901422903
0.18,legacy_start,same_xx,2,2,1.2214892702385145
0.18,legacy_start,same_xx,2,3,1.2150040715070092
0.18,legacy_start,same_xx,2,4,0.9183547092993395
0.18,legacy_start,same_xx,3,0,0.9420947260153727
0.18,legacy_start,same_xx,3,1,1.2114843333413006
0.18,legacy_start,same_xx,3,2,1.2149468663837049
0.18,legacy_start,same_xx,3,3,1.2085492846257124
0.18,legacy_start,same_xx,3,4,0.9129356783457442
0.18,legacy_start,same_xx,4,0,0.7278318337854899
0.18,legacy_start,same_xx,4,1,0.938664917871366
0.18,legacy_start,same_xx,4,2,0.9415905704027332
0.18,legacy_start,same_xx,4,3,0.9362356435820826
0.18,legacy_start,same_xx,4,4,0.705405959600254
0.18,legacy_start,cross_xy,0,0,0.7278318337854899
0.18,legacy_start,cross_xy,0,1,0.9403798219433693
0.18,legacy_start,cross_xy,0,2,0.9446419950137228
0.18,legacy_start,cross_xy,0,3,0.9391651847987277
0.18,legacy_start,cross_xy,0,4,0.7166188966928719
0.18,legacy_start,cross_xy,1,0,0.9403798219433697
0.18,legacy_start,cross_xy,1,1,1.2114843333413008
0.18,legacy_start,cross_xy,1,2,1.2164628839033045
0.18,legacy_start,cross_xy,1,3,1.2100168089835066
0.18,legacy_start,cross_xy,1,4,0.9258002981085552
0.18,legacy_start,cross_xy,2,0,0.9446419950137229
0.18,legacy_start,cross_xy,2,1,1.216462883903304
0.18,legacy_start,cross_xy,2,2,1.221489270238515
0.18,legacy_start,cross_xy,2,3,1.2149754689453571
0.18,legacy_start,cross_xy,2,4,0.9299726398510364
0.18,legacy_start,cross_xy,3,0,0.9391651847987278
0.18,legacy_start,cross_xy,3,1,1.2100168089835068
0.18,legacy_start,cross_xy,3,2,1.2149754689453574
0.18,legacy_start,cross_xy,3,3,1.2085492846257126
0.18,legacy_start,cross_xy,3,4,0.9245856609639137
0.18,legacy_start,cross_xy,4,0,0.716618896692872
0.18,legacy_start,cross_xy,4,1,0.925800298108555
0.18,legacy_start,cross_xy,4,2,0.9299726398510364
0.18,legacy_start,cross_xy,4,3,0.9245856609639133
0.18,legacy_start,cross_xy,4,4,0.7054059596002543
0.18,balanced,same_xx,0,0,0.7164363450801042
0.18,balanced,same_xx,0,1,0.937284231354139
0.18,balanced,same_xx,0,2,0.9422023194138682
0.18,balanced,same_xx,0,3,0.937284231354139
0.18,balanced,same_xx,0,4,0.7164363450801043
0.18,balanced,same_xx,1,0,0.9275759554140605
0.18,balanced,same_xx,1,1,1.2097634666428503
0.18,balanced,same_xx,1,2,1.2153935983343105
0.18,balanced,same_xx,1,3,1.2097634666428498
0.18,balanced,same_xx,1,4,0.9275759554140608
0.18,balanced,same_xx,2,0,0.9331283215460472
0.18,balanced,same_xx,2,1,1.2162245759952348
0.18,balanced,same_xx,2,2,1.2218623754564581
0.18,balanced,same_xx,2,3,1.2162245759952348
0.18,balanced,same_xx,2,4,0.9331283215460473
0.18,balanced,same_xx,3,0,0.9275759554140605
0.18,balanced,same_xx,3,1,1.20976346664285
0.18,balanced,same_xx,3,2,1.2153935983343107
0.18,balanced,same_xx,3,3,1.20976346664285
0.18,balanced,same_xx,3,4,0.9275759554140606
0.18,balanced,same_xx,4,0,0.7164363450801042
0.18,balanced,same_xx,4,1,0.937284231354139
0.18,balanced,same_xx,4,2,0.9422023194138684
0.18,balanced,same_xx,4,3,0.937284231354139
0.18,balanced,same_xx,4,4,0.7164363450801045
0.18,balanced,cross_xy,0,0,0.7164363450801042
0.18,balanced,cross_xy,0,1,0.9324300933840999
0.18,balanced,cross_xy,0,2,0.937665320479958
0.18,balanced,cross_xy,0,3,0.9324300933840999
0.18,balanced,cross_xy,0,4,0.7164363450801045
0.18,balanced,cross_xy,1,0,0.9324300933840997
0.18,balanced,cross_xy,1,1,1.2097634666428503
0.18,balanced,cross_xy,1,2,1.2158090871647729
0.18,balanced,cross_xy,1,3,1.2097634666428503
0.18,balanced,cross_xy,1,4,0.9324300933841001
0.18,balanced,cross_xy,2,0,0.9376653204799578
0.18,balanced,cross_xy,2,1,1.2158090871647729
0.18,balanced,cross_xy,2,2,1.2218623754564584
0.18,balanced,cross_xy,2,3,1.2158090871647727
0.18,balanced,cross_xy,2,4,0.937665320479958
0.18,balanced,cross_xy,3,0,0.9324300933840998
0.18,balanced,cross_xy,3,1,1.2097634666428503
0.18,balanced,cross_xy,3,2,1.2158090871647729
0.18,balanced,cross_xy,3,3,1.2097634666428503
0.18,balanced,cross_xy,3,4,0.9324300933840999
0.18,balanced,cross_xy,4,0,0.7164363450801043
0.18,balanced,cross_xy,4,1,0.9324300933841002
0.18,balanced,cross_xy,4,2,0.9376653204799581
0.18,balanced,cross_xy,4,3,0.9324300933841001
0.18,balanced,cross_xy,4,4,0.7164363450801045
0.18,balanced_extend5,same_xx,0,0,0.7474086350487346
0.18,balanced_extend5,same_xx,0,1,0.9788866666787986
0.18,balanced_extend5,same_xx,0,2,0.9834123777315591
0.18,balanced_extend5,same_xx,0,3,0.9788866666787988
0.18,balanced_extend5,same_xx,0,4,0.7474086350487349
0.18,balanced_extend5,same_xx,1,0,0.9078513156116061
0.18,balanced_extend5,same_xx,1,1,1.1841961994734826
0.18,balanced_extend5,same_xx,1,2,1.1888571064515023
0.18,balanced_extend5,same_xx,1,3,1.1841961994734826
0.18,balanced_extend5,same_xx,1,4,0.9078513156116064
0.18,balanced_extend5,same_xx,2,0,0.9096737822286036
0.18,balanced_extend5,same_xx,2,1,1.1857891647242775
0.18,balanced_extend5,same_xx,2,2,1.1911638704776226
0.18,balanced_extend5,same_xx,2,3,1.1857891647242778
0.18,balanced_extend5,same_xx,2,4,0.9096737822286038
0.18,balanced_extend5,same_xx,3,0,0.9078513156116059
0.18,balanced_extend5,same_xx,3,1,1.1841961994734826
0.18,balanced_extend5,same_xx,3,2,1.1888571064515023
0.18,balanced_extend5,same_xx,3,3,1.1841961994734824
0.18,balanced_extend5,same_xx,3,4,0.9078513156116064
0.18,balanced_extend5,same_xx,4,0,0.7474086350487349
0.18,balanced_extend5,same_xx,4,1,0.9788866666787988
0.18,balanced_extend5,same_xx,4,2,0.9834123777315591
0.18,balanced_extend5,same_xx,4,3,0.9788866666787988
0.18,balanced_extend5,same_xx,4,4,0.7474086350487349
0.18,balanced_extend5,cross_xy,0,0,0.7474086350487346
0.18,balanced_extend5,cross_xy,0,1,0.9433689911452023
0.18,balanced_extend5,cross_xy,0,2,0.9465430799800814
0.18,balanced_extend5,cross_xy,0,3,0.9433689911452023
0.18,balanced_extend5,cross_xy,0,4,0.7474086350487349
0.18,balanced_extend5,cross_xy,1,0,0.9433689911452023
0.18,balanced_extend5,cross_xy,1,1,1.1841961994734824
0.18,balanced_extend5,cross_xy,1,2,1.18732313558789
0.18,balanced_extend5,cross_xy,1,3,1.1841961994734824
0.18,balanced_extend5,cross_xy,1,4,0.9433689911452027
0.18,balanced_extend5,cross_xy,2,0,0.9465430799800814
0.18,balanced_extend5,cross_xy,2,1,1.18732313558789
0.18,balanced_extend5,cross_xy,2,2,1.1911638704776226
0.18,balanced_extend5,cross_xy,2,3,1.1873231355878897
0.18,balanced_extend5,cross_xy,2,4,0.9465430799800817
0.18,balanced_extend5,cross_xy,3,0,0.9433689911452023
0.18,balanced_extend5,cross_xy,3,1,1.1841961994734824
0.18,balanced_extend5,cross_xy,3,2,1.18732313558789
0.18,balanced_extend5,cross_xy,3,3,1.1841961994734824
0.18,balanced_extend5,cross_xy,3,4,0.9433689911452027
0.18,balanced_extend5,cross_xy,4,0,0.7474086350487349
0.18,balanced_extend5,cross_xy,4,1,0.9433689911452027
0.18,balanced_extend5,cross_xy,4,2,0.9465430799800817
0.18,balanced_extend5,cross_xy,4,3,0.9433689911452027
0.18,balanced_extend5,cross_xy,4,4,0.747408635048735
0.25,legacy_start,same_xx,0,0,0.7418593144453536
0.25,legacy_start,same_xx,0,1,0.9530814676659055
0.25,legacy_start,same_xx,0,2,0.9593236575909284
0.25,legacy_start,same_xx,0,3,0.9413396093935248
0.25,legacy_start,same_xx,0,4,0.6540326756413005
0.25,legacy_start,same_xx,1,0,0.9609232877857308
0.25,legacy_start,same_xx,1,1,1.229959277351432
0.25,legacy_start,same_xx,1,2,1.2371949752582405
0.25,legacy_start,same_xx,1,3,1.216086554175906
0.25,legacy_start,same_xx,1,4,0.8458970014125785
0.25,legacy_start,same_xx,2,0,0.9666632345093917
0.25,legacy_start,same_xx,2,1,1.236562573402244
0.25,legacy_start,same_xx,2,2,1.243768074936587
0.25,legacy_start,same_xx,2,3,1.2226398497579385
0.25,legacy_start,same_xx,2,4,0.850970625952036
0.25,legacy_start,same_xx,3,0,0.9609232877857307
0.25,legacy_start,same_xx,3,1,1.229959277351432
0.25,legacy_start,same_xx,3,2,1.2371949752582405
0.25,legacy_start,same_xx,3,3,1.2160865541759063
0.25,legacy_start,same_xx,3,4,0.8458970014125785
0.25,legacy_start,same_xx,4,0,0.7418593144453536
0.25,legacy_start,same_xx,4,1,0.9530814676659056
0.25,legacy_start,same_xx,4,2,0.9593236575909287
0.25,legacy_start,same_xx,4,3,0.941339609393525
0.25,legacy_start,same_xx,4,4,0.6540326756413005
0.25,legacy_start,cross_xy,0,0,0.7418593144453536
0.25,legacy_start,cross_xy,0,1,0.957002377725818
0.25,legacy_start,cross_xy,0,2,0.9629934460501599
0.25,legacy_start,cross_xy,0,3,0.9511314485896277
0.25,legacy_start,cross_xy,0,4,0.697945995043327
0.25,legacy_start,cross_xy,1,0,0.9570023777258183
0.25,legacy_start,cross_xy,1,1,1.229959277351432
0.25,legacy_start,cross_xy,1,2,1.2368787743302425
0.25,legacy_start,cross_xy,1,3,1.2230229157636692
0.25,legacy_start,cross_xy,1,4,0.8994892345392419
0.25,legacy_start,cross_xy,2,0,0.9629934460501601
0.25,legacy_start,cross_xy,2,1,1.236878774330242
0.25,legacy_start,cross_xy,2,2,1.243768074936587
0.25,legacy_start,cross_xy,2,3,1.2299174125080894
0.25,legacy_start,cross_xy,2,4,0.9051471417714823
0.25,legacy_start,cross_xy,3,0,0.9511314485896278
0.25,legacy_start,cross_xy,3,1,1.2230229157636692
0.25,legacy_start,cross_xy,3,2,1.2299174125080896
0.25,legacy_start,cross_xy,3,3,1.2160865541759063
0.25,legacy_start,cross_xy,3,4,0.8936183054030516
0.25,legacy_start,cross_xy,4,0,0.6979459950433272
0.25,legacy_start,cross_xy,4,1,0.8994892345392419
0.25,legacy_start,cross_xy,4,2,0.9051471417714823
0.25,legacy_start,cross_xy,4,3,0.8936183054030516
0.25,legacy_start,cross_xy,4,4,0.6540326756413005
0.25,balanced,same_xx,0,0,0.6992916024356797
0.25,balanced,same_xx,0,1,0.9459414175911877
0.25,balanced,same_xx,0,2,0.9588248107829297
0.25,balanced,same_xx,0,3,0.9460535745440843
0.25,balanced,same_xx,0,4,0.6992916024356798
0.25,balanced,same_xx,1,0,0.9052390303473976
0.25,balanced,same_xx,1,1,1.221639091869703
0.25,balanced,same_xx,1,2,1.2363044752114414
0.25,balanced,same_xx,1,3,1.2217512488225997
0.25,balanced,same_xx,1,4,0.9052390303473977
0.25,balanced,same_xx,2,0,0.9106684507743519
0.25,balanced,same_xx,2,1,1.2281986799942741
0.25,balanced,same_xx,2,2,1.2428447929995914
0.25,balanced,same_xx,2,3,1.2283108369471705
0.25,balanced,same_xx,2,4,0.910668450774352
0.25,balanced,same_xx,3,0,0.9052390303473976
0.25,balanced,same_xx,3,1,1.2216559154126376
0.25,balanced,same_xx,3,2,1.2363044752114414
0.25,balanced,same_xx,3,3,1.2217680723655342
0.25,balanced,same_xx,3,4,0.9052390303473977
0.25,balanced,same_xx,4,0,0.6992916024356797
0.25,balanced,same_xx,4,1,0.946003103915281
0.25,balanced,same_xx,4,2,0.9588248107829298
0.25,balanced,same_xx,4,3,0.9461152608681774
0.25,balanced,same_xx,4,4,0.6992916024356797
0.25,balanced,cross_xy,0,0,0.6992916024356797
0.25,balanced,cross_xy,0,1,0.9255902239692928
0.25,balanced,cross_xy,0,2,0.934746630778641
0.25,balanced,cross_xy,0,3,0.9256463024457412
0.25,balanced,cross_xy,0,4,0.6992916024356798
0.25,balanced,cross_xy,1,0,0.9255902239692928
0.25,balanced,cross_xy,1,1,1.2216390918697033
0.25,balanced,cross_xy,1,2,1.2322515776028578
0.25,balanced,cross_xy,1,3,1.2217035821176188
0.25,balanced,cross_xy,1,4,0.9256210671313394
0.25,balanced,cross_xy,2,0,0.9347466307786408
0.25,balanced,cross_xy,2,1,1.2322515776028578
0.25,balanced,cross_xy,2,2,1.2428447929995916
0.25,balanced,cross_xy,2,3,1.232307656079306
0.25,balanced,cross_xy,2,4,0.9347466307786408
0.25,balanced,cross_xy,3,0,0.9256463024457412
0.25,balanced,cross_xy,3,1,1.2217035821176188
0.25,balanced,cross_xy,3,2,1.2323076560793063
0.25,balanced,cross_xy,3,3,1.2217680723655342
0.25,balanced,cross_xy,3,4,0.9256771456077877
0.25,balanced,cross_xy,4,0,0.6992916024356797
0.25,balanced,cross_xy,4,1,0.9256210671313396
0.25,balanced,cross_xy,4,2,0.9347466307786411
0.25,balanced,cross_xy,4,3,0.9256771456077878
0.25,balanced,cross_xy,4,4,0.6992916024356798
0.25,balanced_extend5,same_xx,0,0,0.7298164255672509
0.25,balanced_extend5,same_xx,0,1,0.9873955757145799
0.25,balanced_extend5,same_xx,0,2,1.0007857435769745
0.25,balanced_extend5,same_xx,0,3,0.98739557571458
0.25,balanced_extend5,same_xx,0,4,0.729816425567251
0.25,balanced_extend5,same_xx,1,0,0.8862652791002154
0.25,balanced_extend5,same_xx,1,1,1.1952789794796885
0.25,balanced_extend5,same_xx,1,2,1.2101108307303587
0.25,balanced_extend5,same_xx,1,3,1.1952789794796885
0.25,balanced_extend5,same_xx,1,4,0.8862652791002157
0.25,balanced_extend5,same_xx,2,0,0.8879610050363823
0.25,balanced_extend5,same_xx,2,1,1.1974329014145857
0.25,balanced_extend5,same_xx,2,2,1.2123939990364616
0.25,balanced_extend5,same_xx,2,3,1.1974329014145857
0.25,balanced_extend5,same_xx,2,4,0.8879610050363823
0.25,balanced_extend5,same_xx,3,0,0.8862652791002154
0.25,balanced_extend5,same_xx,3,1,1.1952789794796883
0.25,balanced_extend5,same_xx,3,2,1.2101108307303587
0.25,balanced_extend5,same_xx,3,3,1.1952789794796883
0.25,balanced_extend5,same_xx,3,4,0.8862652791002157
0.25,balanced_extend5,same_xx,4,0,0.7298164255672509
0.25,balanced_extend5,same_xx,4,1,0.9873955757145803
0.25,balanced_extend5,same_xx,4,2,1.0007857435769745
0.25,balanced_extend5,same_xx,4,3,0.9873955757145803
0.25,balanced_extend5,same_xx,4,4,0.7298164255672512
0.25,balanced_extend5,cross_xy,0,0,0.7298164255672507
0.25,balanced_extend5,cross_xy,0,1,0.9368304274073975
0.25,balanced_extend5,cross_xy,0,2,0.9443733743066781
0.25,balanced_extend5,cross_xy,0,3,0.9368304274073975
0.25,balanced_extend5,cross_xy,0,4,0.7298164255672508
0.25,balanced_extend5,cross_xy,1,0,0.9368304274073972
0.25,balanced_extend5,cross_xy,1,1,1.1952789794796879
0.25,balanced_extend5,cross_xy,1,2,1.2037718660724719
0.25,balanced_extend5,cross_xy,1,3,1.1952789794796879
0.25,balanced_extend5,cross_xy,1,4,0.9368304274073975
0.25,balanced_extend5,cross_xy,2,0,0.944373374306678
0.25,balanced_extend5,cross_xy,2,1,1.203771866072472
0.25,balanced_extend5,cross_xy,2,2,1.2123939990364614
0.25,balanced_extend5,cross_xy,2,3,1.2037718660724719
0.25,balanced_extend5,cross_xy,2,4,0.9443733743066782
0.25,balanced_extend5,cross_xy,3,0,0.9368304274073975
0.25,balanced_extend5,cross_xy,3,1,1.1952789794796879
0.25,balanced_extend5,cross_xy,3,2,1.2037718660724719
0.25,balanced_extend5,cross_xy,3,3,1.195278979479688
0.25,balanced_extend5,cross_xy,3,4,0.9368304274073975
0.25,balanced_extend5,cross_xy,4,0,0.7298164255672508
0.25,balanced_extend5,cross_xy,4,1,0.9368304274073975
0.25,balanced_extend5,cross_xy,4,2,0.9443733743066781
0.25,balanced_extend5,cross_xy,4,3,0.9368304274073975
0.25,balanced_extend5,cross_xy,4,4,0.7298164255672509
0.32,legacy_start,same_xx,0,0,0.711257557349741
0.32,legacy_start,same_xx,0,1,0.9070833164754566
0.32,legacy_start,same_xx,0,2,0.9083156261836624
0.32,legacy_start,same_xx,0,3,0.9096125676142656
0.32,legacy_start,same_xx,0,4,0.81384611705128
0.32,legacy_start,same_xx,1,0,0.9204773517753679
0.32,legacy_start,same_xx,1,1,1.1703007055893286
0.32,legacy_start,same_xx,1,2,1.171637071209833
0.32,legacy_start,same_xx,1,3,1.1738115401917522
0.32,legacy_start,same_xx,1,4,1.0536591104182864
0.32,legacy_start,same_xx,2,0,0.9261214669960768
0.32,legacy_start,same_xx,2,1,1.1764986550808993
0.32,legacy_start,same_xx,2,2,1.1778209257351482
0.32,legacy_start,same_xx,2,3,1.1800056912647408
0.32,legacy_start,same_xx,2,4,1.059783262272682
0.32,legacy_start,same_xx,3,0,0.9204773517753679
0.32,legacy_start,same_xx,3,1,1.1701983839419068
0.32,legacy_start,same_xx,3,2,1.1716370712098327
0.32,legacy_start,same_xx,3,3,1.1737842544191062
0.32,legacy_start,same_xx,3,4,1.0536591104182864
0.32,legacy_start,same_xx,4,0,0.711257557349741
0.32,legacy_start,same_xx,4,1,0.9070082806006805
0.32,legacy_start,same_xx,4,2,0.9083156261836625
0.32,legacy_start,same_xx,4,3,0.9095852818416198
0.32,legacy_start,same_xx,4,4,0.81384611705128
0.32,legacy_start,cross_xy,0,0,0.711257557349741
0.32,legacy_start,cross_xy,0,1,0.9137803341254122
0.32,legacy_start,cross_xy,0,2,0.9172185465898696
0.32,legacy_start,cross_xy,0,3,0.9150449596948167
0.32,legacy_start,cross_xy,0,4,0.7625518372005103
0.32,legacy_start,cross_xy,1,0,0.9137803341254122
0.32,legacy_start,cross_xy,1,1,1.1703007055893286
0.32,legacy_start,cross_xy,1,2,1.1740678631453663
0.32,legacy_start,cross_xy,1,3,1.1720049620668296
0.32,legacy_start,cross_xy,1,4,0.9803336955094835
0.32,legacy_start,cross_xy,2,0,0.9172185465898696
0.32,legacy_start,cross_xy,2,1,1.1740678631453658
0.32,legacy_start,cross_xy,2,2,1.1778209257351484
0.32,legacy_start,cross_xy,2,3,1.175821381237287
0.32,legacy_start,cross_xy,2,4,0.9840494442281721
0.32,legacy_start,cross_xy,3,0,0.9150449596948167
0.32,legacy_start,cross_xy,3,1,1.1720049620668294
0.32,legacy_start,cross_xy,3,2,1.1758213812372866
0.32,legacy_start,cross_xy,3,3,1.1737842544191062
0.32,legacy_start,cross_xy,3,4,0.981622196129953
0.32,legacy_start,cross_xy,4,0,0.7625518372005105
0.32,legacy_start,cross_xy,4,1,0.9803336955094835
0.32,legacy_start,cross_xy,4,2,0.9840494442281722
0.32,legacy_start,cross_xy,4,3,0.9816221961299532
0.32,legacy_start,cross_xy,4,4,0.81384611705128
0.32,balanced,same_xx,0,0,0.7651700445361865
0.32,balanced,same_xx,0,1,0.9065874592803002
0.32,balanced,same_xx,0,2,0.906308556893552
0.32,balanced,same_xx,0,3,0.9066758708502767
0.32,balanced,same_xx,0,4,0.7651700445361862
0.32,balanced,same_xx,1,0,0.9904131416169417
0.32,balanced,same_xx,1,1,1.169941674442203
0.32,balanced,same_xx,1,2,1.1690818051860157
0.32,balanced,same_xx,1,3,1.1700368869021778
0.32,balanced,same_xx,1,4,0.9904131416169417
0.32,balanced,same_xx,2,0,0.9963355462426705
0.32,balanced,same_xx,2,1,1.1761625069407566
0.32,balanced,same_xx,2,2,1.1752162169916323
0.32,balanced,same_xx,2,3,1.1763121265207166
0.32,balanced,same_xx,2,4,0.9963355462426702
0.32,balanced,same_xx,3,0,0.9904131416169419
0.32,balanced,same_xx,3,1,1.1699144708822105
0.32,balanced,same_xx,3,2,1.1690818051860157
0.32,balanced,same_xx,3,3,1.1700572895721724
0.32,balanced,same_xx,3,4,0.9904131416169417
0.32,balanced,same_xx,4,0,0.7651700445361865
0.32,balanced,same_xx,4,1,0.9065602557203077
0.32,balanced,same_xx,4,2,0.906308556893552
0.32,balanced,same_xx,4,3,0.9067506806402568
0.32,balanced,same_xx,4,4,0.7651700445361862
0.32,balanced,cross_xy,0,0,0.7651700445361865
0.32,balanced,cross_xy,0,1,0.9485003004486212
0.32,balanced,cross_xy,0,2,0.9513220515681112
0.32,balanced,cross_xy,0,3,0.9485445062336094
0.32,balanced,cross_xy,0,4,0.7651700445361865
0.32,balanced,cross_xy,1,0,0.9485003004486211
0.32,balanced,cross_xy,1,1,1.1699416744422033
0.32,balanced,cross_xy,1,2,1.1726221560633863
0.32,balanced,cross_xy,1,3,1.1699756788921942
0.32,balanced,cross_xy,1,4,0.9484866986686248
0.32,balanced,cross_xy,2,0,0.9513220515681113
0.32,balanced,cross_xy,2,1,1.1726221560633865
0.32,balanced,cross_xy,2,2,1.1752162169916327
0.32,balanced,cross_xy,2,3,1.1726969658533664
0.32,balanced,cross_xy,2,4,0.9513220515681116
0.32,balanced,cross_xy,3,0,0.9485445062336094
0.32,balanced,cross_xy,3,1,1.1699756788921942
0.32,balanced,cross_xy,3,2,1.1726969658533661
0.32,balanced,cross_xy,3,3,1.1700572895721724
0.32,balanced,cross_xy,3,4,0.9485819111285995
0.32,balanced,cross_xy,4,0,0.7651700445361864
0.32,balanced,cross_xy,4,1,0.9484866986686248
0.32,balanced,cross_xy,4,2,0.9513220515681112
0.32,balanced,cross_xy,4,3,0.9485819111285992
0.32,balanced,cross_xy,4,4,0.7651700445361865
0.32,balanced_extend5,same_xx,0,0,0.799026911873558
0.32,balanced_extend5,same_xx,0,1,0.9457307816852165
0.32,balanced_extend5,same_xx,0,2,0.9465676383993542
0.32,balanced_extend5,same_xx,0,3,0.9457307816852165
0.32,balanced_extend5,same_xx,0,4,0.7990269118735579
0.32,balanced_extend5,same_xx,1,0,0.970225338182388
0.32,balanced_extend5,same_xx,1,1,1.1439630358373458
0.32,balanced_extend5,same_xx,1,2,1.14435931870839
0.32,balanced_extend5,same_xx,1,3,1.1439630358373458
0.32,balanced_extend5,same_xx,1,4,0.970225338182388
0.32,balanced_extend5,same_xx,2,0,0.9721128005421232
0.32,balanced_extend5,same_xx,2,1,1.1457589182959236
0.32,balanced_extend5,same_xx,2,2,1.1466183777943875
0.32,balanced_extend5,same_xx,2,3,1.1457589182959236
0.32,balanced_extend5,same_xx,2,4,0.9721128005421232
0.32,balanced_extend5,same_xx,3,0,0.970225338182388
0.32,balanced_extend5,same_xx,3,1,1.1439630358373458
0.32,balanced_extend5,same_xx,3,2,1.1443593187083898
0.32,balanced_extend5,same_xx,3,3,1.1439630358373458
0.32,balanced_extend5,same_xx,3,4,0.9702253381823877
0.32,balanced_extend5,same_xx,4,0,0.799026911873558
0.32,balanced_extend5,same_xx,4,1,0.9457307816852166
0.32,balanced_extend5,same_xx,4,2,0.9465676383993542
0.32,balanced_extend5,same_xx,4,3,0.9457307816852167
0.32,balanced_extend5,same_xx,4,4,0.7990269118735579
0.32,balanced_extend5,cross_xy,0,0,0.7990269118735577
0.32,balanced_extend5,cross_xy,0,1,0.9579780599338023
0.32,balanced_extend5,cross_xy,0,2,0.9593402194707388
0.32,balanced_extend5,cross_xy,0,3,0.9579780599338019
0.32,balanced_extend5,cross_xy,0,4,0.7990269118735577
0.32,balanced_extend5,cross_xy,1,0,0.9579780599338023
0.32,balanced_extend5,cross_xy,1,1,1.1439630358373458
0.32,balanced_extend5,cross_xy,1,2,1.1450591185021566
0.32,balanced_extend5,cross_xy,1,3,1.1439630358373458
0.32,balanced_extend5,cross_xy,1,4,0.9579780599338023
0.32,balanced_extend5,cross_xy,2,0,0.9593402194707386
0.32,balanced_extend5,cross_xy,2,1,1.1450591185021566
0.32,balanced_extend5,cross_xy,2,2,1.1466183777943872
0.32,balanced_extend5,cross_xy,2,3,1.1450591185021566
0.32,balanced_extend5,cross_xy,2,4,0.9593402194707386
0.32,balanced_extend5,cross_xy,3,0,0.9579780599338023
0.32,balanced_extend5,cross_xy,3,1,1.1439630358373456
0.32,balanced_extend5,cross_xy,3,2,1.1450591185021566
0.32,balanced_extend5,cross_xy,3,3,1.1439630358373458
0.32,balanced_extend5,cross_xy,3,4,0.9579780599338023
0.32,balanced_extend5,cross_xy,4,0,0.7990269118735577
0.32,balanced_extend5,cross_xy,4,1,0.9579780599338023
0.32,balanced_extend5,cross_xy,4,2,0.9593402194707386
0.32,balanced_extend5,cross_xy,4,3,0.9579780599338021
0.32,balanced_extend5,cross_xy,4,4,0.7990269118735577
0.4,legacy_start,same_xx,0,0,0.7093904897100478
0.4,legacy_start,same_xx,0,1,0.8942698389871948
0.4,legacy_start,same_xx,0,2,0.8957852948477791
0.4,legacy_start,same_xx,0,3,0.8916526363185505
0.4,legacy_start,same_xx,0,4,0.8586878685726002
0.4,legacy_start,same_xx,1,0,0.9186966465250159
0.4,legacy_start,same_xx,1,1,1.153072012324368
0.4,legacy_start,same_xx,1,2,1.155337817001013
0.4,legacy_start,same_xx,1,3,1.15095726939887
0.4,legacy_start,same_xx,1,4,1.1119920720853758
0.4,legacy_start,same_xx,2,0,0.9245031693490503
0.4,legacy_start,same_xx,2,1,1.1591573802404735
0.4,legacy_start,same_xx,2,2,1.1615187739176898
0.4,legacy_start,same_xx,2,3,1.1569521845773088
0.4,legacy_start,same_xx,2,4,1.117957894313459
0.4,legacy_start,same_xx,3,0,0.918721836087281
0.4,legacy_start,same_xx,3,1,1.1531055984073881
0.4,legacy_start,same_xx,3,2,1.1553630065632778
0.4,legacy_start,same_xx,3,3,1.15092368331585
0.4,legacy_start,same_xx,3,4,1.1119920720853758
0.4,legacy_start,same_xx,4,0,0.7094828514383528
0.4,legacy_start,same_xx,4,1,0.894286632028705
0.4,legacy_start,same_xx,4,2,0.8958776565760842
0.4,legacy_start,same_xx,4,3,0.8916190502355308
0.4,legacy_start,same_xx,4,4,0.8586962650933551
0.4,legacy_start,cross_xy,0,0,0.7093904897100478
0.4,legacy_start,cross_xy,0,1,0.9064832427561055
0.4,legacy_start,cross_xy,0,2,0.9101442320984148
0.4,legacy_start,cross_xy,0,3,0.9051872362029159
0.4,legacy_start,cross_xy,0,4,0.7840853600054766
0.4,legacy_start,cross_xy,1,0,0.9064832427561054
0.4,legacy_start,cross_xy,1,1,1.153072012324368
0.4,legacy_start,cross_xy,1,2,1.1572475986207433
0.4,legacy_start,cross_xy,1,3,1.1520314339031292
0.4,legacy_start,cross_xy,1,4,1.0031393520570404
0.4,legacy_start,cross_xy,2,0,0.9101442320984148
0.4,legacy_start,cross_xy,2,1,1.1572475986207433
0.4,legacy_start,cross_xy,2,2,1.16151877391769
0.4,legacy_start,cross_xy,2,3,1.1561575955702934
0.4,legacy_start,cross_xy,2,4,1.0069177754447716
0.4,legacy_start,cross_xy,3,0,0.9051872362029159
0.4,legacy_start,cross_xy,3,1,1.1520314339031292
0.4,legacy_start,cross_xy,3,2,1.1561575955702934
0.4,legacy_start,cross_xy,3,3,1.1509236833158503
0.4,legacy_start,cross_xy,3,4,1.0018055611604533
0.4,legacy_start,cross_xy,4,0,0.7840853600054762
0.4,legacy_start,cross_xy,4,1,1.0031393520570404
0.4,legacy_start,cross_xy,4,2,1.0069177754447716
0.4,legacy_start,cross_xy,4,3,1.0018055611604533
0.4,legacy_start,cross_xy,4,4,0.8586962650933552
0.4,balanced,same_xx,0,0,0.7967203987959054
0.4,balanced,same_xx,0,1,0.8856286383045439
0.4,balanced,same_xx,0,2,0.8853687082124668
0.4,balanced,same_xx,0,3,0.8859614208977211
0.4,balanced,same_xx,0,4,0.7968368727035176
0.4,balanced,same_xx,1,0,1.0316487521585713
0.4,balanced,same_xx,1,1,1.142048419920283
0.4,balanced,same_xx,1,2,1.1416886949923526
0.4,balanced,same_xx,1,3,1.1423812025134603
0.4,balanced,same_xx,1,4,1.0318151434551601
0.4,balanced,same_xx,2,0,1.0377245950824807
0.4,balanced,same_xx,2,1,1.1480860617904474
0.4,balanced,same_xx,2,2,1.1477495649750535
0.4,balanced,same_xx,2,3,1.1484188443836247
0.4,balanced,same_xx,2,4,1.037807790730775
0.4,balanced,same_xx,3,0,1.0316737108530598
0.4,balanced,same_xx,3,1,1.1419818634016474
0.4,balanced,same_xx,3,2,1.1416886949923526
0.4,balanced,same_xx,3,3,1.1423146459948248
0.4,balanced,same_xx,3,4,1.0318151434551601
0.4,balanced,same_xx,4,0,0.7968119140090292
0.4,balanced,same_xx,4,1,0.8855620817859085
0.4,balanced,same_xx,4,2,0.8855267799442261
0.4,balanced,same_xx,4,3,0.8858948643790859
0.4,balanced,same_xx,4,4,0.796845192268347
0.4,balanced,cross_xy,0,0,0.7967203987959053
0.4,balanced,cross_xy,0,1,0.9586386952315575
0.4,balanced,cross_xy,0,2,0.9615466516474737
0.4,balanced,cross_xy,0,3,0.9588175658753904
0.4,balanced,cross_xy,0,4,0.7968243933562733
0.4,balanced,cross_xy,1,0,0.9586386952315573
0.4,balanced,cross_xy,1,1,1.1420484199202827
0.4,balanced,cross_xy,1,2,1.1448873783913998
0.4,balanced,cross_xy,1,3,1.1421815329575538
0.4,balanced,cross_xy,1,4,0.9586886126205342
0.4,balanced,cross_xy,2,0,0.9615466516474734
0.4,balanced,cross_xy,2,1,1.1448873783913998
0.4,balanced,cross_xy,2,2,1.147749564975053
0.4,balanced,cross_xy,2,3,1.1450537696879886
0.4,balanced,cross_xy,2,4,0.9616672853375006
0.4,balanced,cross_xy,3,0,0.9588175658753901
0.4,balanced,cross_xy,3,1,1.1421815329575538
0.4,balanced,cross_xy,3,2,1.1450537696879886
0.4,balanced,cross_xy,3,3,1.1423146459948246
0.4,balanced,cross_xy,3,4,0.9588550039171229
0.4,balanced,cross_xy,4,0,0.7968243933562732
0.4,balanced,cross_xy,4,1,0.9586886126205342
0.4,balanced,cross_xy,4,2,0.9616672853375003
0.4,balanced,cross_xy,4,3,0.9588550039171228
0.4,balanced,cross_xy,4,4,0.7968451922683469
0.4,balanced_extend5,same_xx,0,0,0.8316895017563022
0.4,balanced_extend5,same_xx,0,1,0.9244524336369024
0.4,balanced_extend5,same_xx,0,2,0.9240700427818149
0.4,balanced_extend5,same_xx,0,3,0.9244524336369025
0.4,balanced_extend5,same_xx,0,4,0.8316895017563024
0.4,balanced_extend5,same_xx,1,0,1.0101130359579817
0.4,balanced_extend5,same_xx,1,1,1.1175333619157954
0.4,balanced_extend5,same_xx,1,2,1.1170225673793037
0.4,balanced_extend5,same_xx,1,3,1.1175333619157954
0.4,balanced_extend5,same_xx,1,4,1.010113035957982
0.4,balanced_extend5,same_xx,2,0,1.0123524278577596
0.4,balanced_extend5,same_xx,2,1,1.119461932655916
0.4,balanced_extend5,same_xx,2,2,1.1190327255824888
0.4,balanced_extend5,same_xx,2,3,1.119461932655916
0.4,balanced_extend5,same_xx,2,4,1.01235242785776
0.4,balanced_extend5,same_xx,3,0,1.0101130359579817
0.4,balanced_extend5,same_xx,3,1,1.1175333619157954
0.4,balanced_extend5,same_xx,3,2,1.117022567379304
0.4,balanced_extend5,same_xx,3,3,1.1175333619157954
0.4,balanced_extend5,same_xx,3,4,1.0101130359579817
0.4,balanced_extend5,same_xx,4,0,0.8316895017563023
0.4,balanced_extend5,same_xx,4,1,0.9244524336369025
0.4,balanced_extend5,same_xx,4,2,0.924070042781815
0.4,balanced_extend5,same_xx,4,3,0.9244524336369025
0.4,balanced_extend5,same_xx,4,4,0.8316895017563026
0.4,balanced_extend5,cross_xy,0,0,0.8316895017563022
0.4,balanced_extend5,cross_xy,0,1,0.9672827347974419
0.4,balanced_extend5,cross_xy,0,2,0.9682112353197871
0.4,balanced_extend5,cross_xy,0,3,0.9672827347974419
0.4,balanced_extend5,cross_xy,0,4,0.8316895017563022
0.4,balanced_extend5,cross_xy,1,0,0.9672827347974419
0.4,balanced_extend5,cross_xy,1,1,1.117533361915795
0.4,balanced_extend5,cross_xy,1,2,1.1182422500176097
0.4,balanced_extend5,cross_xy,1,3,1.1175333619157952
0.4,balanced_extend5,cross_xy,1,4,0.967282734797442
0.4,balanced_extend5,cross_xy,2,0,0.9682112353197871
0.4,balanced_extend5,cross_xy,2,1,1.1182422500176097
0.4,balanced_extend5,cross_xy,2,2,1.1190327255824883
0.4,balanced_extend5,cross_xy,2,3,1.1182422500176097
0.4,balanced_extend5,cross_xy,2,4,0.9682112353197873
0.4,balanced_extend5,cross_xy,3,0,0.9672827347974419
0.4,balanced_extend5,cross_xy,3,1,1.117533361915795
0.4,balanced_extend5,cross_xy,3,2,1.1182422500176097
0.4,balanced_extend5,cross_xy,3,3,1.1175333619157952
0.4,balanced_extend5,cross_xy,3,4,0.9672827347974422
0.4,balanced_extend5,cross_xy,4,0,0.8316895017563022
0.4,balanced_extend5,cross_xy,4,1,0.967282734797442
0.4,balanced_extend5,cross_xy,4,2,0.9682112353197873
0.4,balanced_extend5,cross_xy,4,3,0.9672827347974422
0.4,balanced_extend5,cross_xy,4,4,0.8316895017563024
