feature_index,feature_name,feature_group,base14_included,global20_included,spatial120_included,design_status
0,force_mean_norm,established_base14,True,True,True,ESTABLISHED_UNCHANGED
1,force_error_norm,established_base14,True,True,True,ESTABLISHED_UNCHANGED
2,force_delta_norm,established_base14,True,True,True,ESTABLISHED_UNCHANGED
3,feed_cmd_norm,established_base14,True,True,True,ESTABLISHED_UNCHANGED
4,path_progress,established_base14,True,True,True,ESTABLISHED_UNCHANGED
5,local_scratch_mean_norm,established_base14,True,True,True,ESTABLISHED_UNCHANGED
6,local_scratch_max_norm,established_base14,True,True,True,ESTABLISHED_UNCHANGED
7,local_removal_norm,established_base14,True,True,True,ESTABLISHED_UNCHANGED
8,local_clearcoat_margin_norm,established_base14,True,True,True,ESTABLISHED_UNCHANGED
9,previous_force_action,established_base14,True,True,True,ESTABLISHED_UNCHANGED
10,previous_feed_action,established_base14,True,True,True,ESTABLISHED_UNCHANGED
11,local_temperature_mean_norm,established_base14,True,True,True,ESTABLISHED_UNCHANGED
12,local_temperature_peak_norm,established_base14,True,True,True,ESTABLISHED_UNCHANGED
13,local_thermal_damage_norm,established_base14,True,True,True,ESTABLISHED_UNCHANGED
14,inspection_pass_norm,inspection_global,False,True,True,PT-DESIGN_NORMALIZATION
15,gu_shortfall_norm,inspection_global,False,True,True,PT-DESIGN_NORMALIZATION
16,ra_excess_norm,inspection_global,False,True,True,PT-DESIGN_NORMALIZATION
17,rz_excess_norm,inspection_global,False,True,True,PT-DESIGN_NORMALIZATION
18,clearcoat_margin_norm,inspection_global,False,True,True,PT-DESIGN_NORMALIZATION
19,center_edge_removal_delta_norm,inspection_global,False,True,True,PT-DESIGN_NORMALIZATION
20,tile_scratch_max_um_x0_y0_norm,inspection_tile_5x5,False,False,True,PT-DESIGN_NORMALIZATION
21,tile_scratch_max_um_x0_y1_norm,inspection_tile_5x5,False,False,True,PT-DESIGN_NORMALIZATION
22,tile_scratch_max_um_x0_y2_norm,inspection_tile_5x5,False,False,True,PT-DESIGN_NORMALIZATION
23,tile_scratch_max_um_x0_y3_norm,inspection_tile_5x5,False,False,True,PT-DESIGN_NORMALIZATION
24,tile_scratch_max_um_x0_y4_norm,inspection_tile_5x5,False,False,True,PT-DESIGN_NORMALIZATION
25,tile_scratch_max_um_x1_y0_norm,inspection_tile_5x5,False,False,True,PT-DESIGN_NORMALIZATION
26,tile_scratch_max_um_x1_y1_norm,inspection_tile_5x5,False,False,True,PT-DESIGN_NORMALIZATION
27,tile_scratch_max_um_x1_y2_norm,inspection_tile_5x5,False,False,True,PT-DESIGN_NORMALIZATION
28,tile_scratch_max_um_x1_y3_norm,inspection_tile_5x5,False,False,True,PT-DESIGN_NORMALIZATION
29,tile_scratch_max_um_x1_y4_norm,inspection_tile_5x5,False,False,True,PT-DESIGN_NORMALIZATION
30,tile_scratch_max_um_x2_y0_norm,inspection_tile_5x5,False,False,True,PT-DESIGN_NORMALIZATION
31,tile_scratch_max_um_x2_y1_norm,inspection_tile_5x5,False,False,True,PT-DESIGN_NORMALIZATION
32,tile_scratch_max_um_x2_y2_norm,inspection_tile_5x5,False,False,True,PT-DESIGN_NORMALIZATION
33,tile_scratch_max_um_x2_y3_norm,inspection_tile_5x5,False,False,True,PT-DESIGN_NORMALIZATION
34,tile_scratch_max_um_x2_y4_norm,inspection_tile_5x5,False,False,True,PT-DESIGN_NORMALIZATION
35,tile_scratch_max_um_x3_y0_norm,inspection_tile_5x5,False,False,True,PT-DESIGN_NORMALIZATION
36,tile_scratch_max_um_x3_y1_norm,inspection_tile_5x5,False,False,True,PT-DESIGN_NORMALIZATION
37,tile_scratch_max_um_x3_y2_norm,inspection_tile_5x5,False,False,True,PT-DESIGN_NORMALIZATION
38,tile_scratch_max_um_x3_y3_norm,inspection_tile_5x5,False,False,True,PT-DESIGN_NORMALIZATION
39,tile_scratch_max_um_x3_y4_norm,inspection_tile_5x5,False,False,True,PT-DESIGN_NORMALIZATION
40,tile_scratch_max_um_x4_y0_norm,inspection_tile_5x5,False,False,True,PT-DESIGN_NORMALIZATION
41,tile_scratch_max_um_x4_y1_norm,inspection_tile_5x5,False,False,True,PT-DESIGN_NORMALIZATION
42,tile_scratch_max_um_x4_y2_norm,inspection_tile_5x5,False,False,True,PT-DESIGN_NORMALIZATION
43,tile_scratch_max_um_x4_y3_norm,inspection_tile_5x5,False,False,True,PT-DESIGN_NORMALIZATION
44,tile_scratch_max_um_x4_y4_norm,inspection_tile_5x5,False,False,True,PT-DESIGN_NORMALIZATION
45,tile_removal_mean_um_x0_y0_norm,inspection_tile_5x5,False,False,True,PT-DESIGN_NORMALIZATION
46,tile_removal_mean_um_x0_y1_norm,inspection_tile_5x5,False,False,True,PT-DESIGN_NORMALIZATION
47,tile_removal_mean_um_x0_y2_norm,inspection_tile_5x5,False,False,True,PT-DESIGN_NORMALIZATION
48,tile_removal_mean_um_x0_y3_norm,inspection_tile_5x5,False,False,True,PT-DESIGN_NORMALIZATION
49,tile_removal_mean_um_x0_y4_norm,inspection_tile_5x5,False,False,True,PT-DESIGN_NORMALIZATION
50,tile_removal_mean_um_x1_y0_norm,inspection_tile_5x5,False,False,True,PT-DESIGN_NORMALIZATION
51,tile_removal_mean_um_x1_y1_norm,inspection_tile_5x5,False,False,True,PT-DESIGN_NORMALIZATION
52,tile_removal_mean_um_x1_y2_norm,inspection_tile_5x5,False,False,True,PT-DESIGN_NORMALIZATION
53,tile_removal_mean_um_x1_y3_norm,inspection_tile_5x5,False,False,True,PT-DESIGN_NORMALIZATION
54,tile_removal_mean_um_x1_y4_norm,inspection_tile_5x5,False,False,True,PT-DESIGN_NORMALIZATION
55,tile_removal_mean_um_x2_y0_norm,inspection_tile_5x5,False,False,True,PT-DESIGN_NORMALIZATION
56,tile_removal_mean_um_x2_y1_norm,inspection_tile_5x5,False,False,True,PT-DESIGN_NORMALIZATION
57,tile_removal_mean_um_x2_y2_norm,inspection_tile_5x5,False,False,True,PT-DESIGN_NORMALIZATION
58,tile_removal_mean_um_x2_y3_norm,inspection_tile_5x5,False,False,True,PT-DESIGN_NORMALIZATION
59,tile_removal_mean_um_x2_y4_norm,inspection_tile_5x5,False,False,True,PT-DESIGN_NORMALIZATION
60,tile_removal_mean_um_x3_y0_norm,inspection_tile_5x5,False,False,True,PT-DESIGN_NORMALIZATION
61,tile_removal_mean_um_x3_y1_norm,inspection_tile_5x5,False,False,True,PT-DESIGN_NORMALIZATION
62,tile_removal_mean_um_x3_y2_norm,inspection_tile_5x5,False,False,True,PT-DESIGN_NORMALIZATION
63,tile_removal_mean_um_x3_y3_norm,inspection_tile_5x5,False,False,True,PT-DESIGN_NORMALIZATION
64,tile_removal_mean_um_x3_y4_norm,inspection_tile_5x5,False,False,True,PT-DESIGN_NORMALIZATION
65,tile_removal_mean_um_x4_y0_norm,inspection_tile_5x5,False,False,True,PT-DESIGN_NORMALIZATION
66,tile_removal_mean_um_x4_y1_norm,inspection_tile_5x5,False,False,True,PT-DESIGN_NORMALIZATION
67,tile_removal_mean_um_x4_y2_norm,inspection_tile_5x5,False,False,True,PT-DESIGN_NORMALIZATION
68,tile_removal_mean_um_x4_y3_norm,inspection_tile_5x5,False,False,True,PT-DESIGN_NORMALIZATION
69,tile_removal_mean_um_x4_y4_norm,inspection_tile_5x5,False,False,True,PT-DESIGN_NORMALIZATION
70,tile_under_fraction_x0_y0_norm,inspection_tile_5x5,False,False,True,PT-DESIGN_NORMALIZATION
71,tile_under_fraction_x0_y1_norm,inspection_tile_5x5,False,False,True,PT-DESIGN_NORMALIZATION
72,tile_under_fraction_x0_y2_norm,inspection_tile_5x5,False,False,True,PT-DESIGN_NORMALIZATION
73,tile_under_fraction_x0_y3_norm,inspection_tile_5x5,False,False,True,PT-DESIGN_NORMALIZATION
74,tile_under_fraction_x0_y4_norm,inspection_tile_5x5,False,False,True,PT-DESIGN_NORMALIZATION
75,tile_under_fraction_x1_y0_norm,inspection_tile_5x5,False,False,True,PT-DESIGN_NORMALIZATION
76,tile_under_fraction_x1_y1_norm,inspection_tile_5x5,False,False,True,PT-DESIGN_NORMALIZATION
77,tile_under_fraction_x1_y2_norm,inspection_tile_5x5,False,False,True,PT-DESIGN_NORMALIZATION
78,tile_under_fraction_x1_y3_norm,inspection_tile_5x5,False,False,True,PT-DESIGN_NORMALIZATION
79,tile_under_fraction_x1_y4_norm,inspection_tile_5x5,False,False,True,PT-DESIGN_NORMALIZATION
80,tile_under_fraction_x2_y0_norm,inspection_tile_5x5,False,False,True,PT-DESIGN_NORMALIZATION
81,tile_under_fraction_x2_y1_norm,inspection_tile_5x5,False,False,True,PT-DESIGN_NORMALIZATION
82,tile_under_fraction_x2_y2_norm,inspection_tile_5x5,False,False,True,PT-DESIGN_NORMALIZATION
83,tile_under_fraction_x2_y3_norm,inspection_tile_5x5,False,False,True,PT-DESIGN_NORMALIZATION
84,tile_under_fraction_x2_y4_norm,inspection_tile_5x5,False,False,True,PT-DESIGN_NORMALIZATION
85,tile_under_fraction_x3_y0_norm,inspection_tile_5x5,False,False,True,PT-DESIGN_NORMALIZATION
86,tile_under_fraction_x3_y1_norm,inspection_tile_5x5,False,False,True,PT-DESIGN_NORMALIZATION
87,tile_under_fraction_x3_y2_norm,inspection_tile_5x5,False,False,True,PT-DESIGN_NORMALIZATION
88,tile_under_fraction_x3_y3_norm,inspection_tile_5x5,False,False,True,PT-DESIGN_NORMALIZATION
89,tile_under_fraction_x3_y4_norm,inspection_tile_5x5,False,False,True,PT-DESIGN_NORMALIZATION
90,tile_under_fraction_x4_y0_norm,inspection_tile_5x5,False,False,True,PT-DESIGN_NORMALIZATION
91,tile_under_fraction_x4_y1_norm,inspection_tile_5x5,False,False,True,PT-DESIGN_NORMALIZATION
92,tile_under_fraction_x4_y2_norm,inspection_tile_5x5,False,False,True,PT-DESIGN_NORMALIZATION
93,tile_under_fraction_x4_y3_norm,inspection_tile_5x5,False,False,True,PT-DESIGN_NORMALIZATION
94,tile_under_fraction_x4_y4_norm,inspection_tile_5x5,False,False,True,PT-DESIGN_NORMALIZATION
95,tile_over_fraction_x0_y0_norm,inspection_tile_5x5,False,False,True,PT-DESIGN_NORMALIZATION
96,tile_over_fraction_x0_y1_norm,inspection_tile_5x5,False,False,True,PT-DESIGN_NORMALIZATION
97,tile_over_fraction_x0_y2_norm,inspection_tile_5x5,False,False,True,PT-DESIGN_NORMALIZATION
98,tile_over_fraction_x0_y3_norm,inspection_tile_5x5,False,False,True,PT-DESIGN_NORMALIZATION
99,tile_over_fraction_x0_y4_norm,inspection_tile_5x5,False,False,True,PT-DESIGN_NORMALIZATION
100,tile_over_fraction_x1_y0_norm,inspection_tile_5x5,False,False,True,PT-DESIGN_NORMALIZATION
101,tile_over_fraction_x1_y1_norm,inspection_tile_5x5,False,False,True,PT-DESIGN_NORMALIZATION
102,tile_over_fraction_x1_y2_norm,inspection_tile_5x5,False,False,True,PT-DESIGN_NORMALIZATION
103,tile_over_fraction_x1_y3_norm,inspection_tile_5x5,False,False,True,PT-DESIGN_NORMALIZATION
104,tile_over_fraction_x1_y4_norm,inspection_tile_5x5,False,False,True,PT-DESIGN_NORMALIZATION
105,tile_over_fraction_x2_y0_norm,inspection_tile_5x5,False,False,True,PT-DESIGN_NORMALIZATION
106,tile_over_fraction_x2_y1_norm,inspection_tile_5x5,False,False,True,PT-DESIGN_NORMALIZATION
107,tile_over_fraction_x2_y2_norm,inspection_tile_5x5,False,False,True,PT-DESIGN_NORMALIZATION
108,tile_over_fraction_x2_y3_norm,inspection_tile_5x5,False,False,True,PT-DESIGN_NORMALIZATION
109,tile_over_fraction_x2_y4_norm,inspection_tile_5x5,False,False,True,PT-DESIGN_NORMALIZATION
110,tile_over_fraction_x3_y0_norm,inspection_tile_5x5,False,False,True,PT-DESIGN_NORMALIZATION
111,tile_over_fraction_x3_y1_norm,inspection_tile_5x5,False,False,True,PT-DESIGN_NORMALIZATION
112,tile_over_fraction_x3_y2_norm,inspection_tile_5x5,False,False,True,PT-DESIGN_NORMALIZATION
113,tile_over_fraction_x3_y3_norm,inspection_tile_5x5,False,False,True,PT-DESIGN_NORMALIZATION
114,tile_over_fraction_x3_y4_norm,inspection_tile_5x5,False,False,True,PT-DESIGN_NORMALIZATION
115,tile_over_fraction_x4_y0_norm,inspection_tile_5x5,False,False,True,PT-DESIGN_NORMALIZATION
116,tile_over_fraction_x4_y1_norm,inspection_tile_5x5,False,False,True,PT-DESIGN_NORMALIZATION
117,tile_over_fraction_x4_y2_norm,inspection_tile_5x5,False,False,True,PT-DESIGN_NORMALIZATION
118,tile_over_fraction_x4_y3_norm,inspection_tile_5x5,False,False,True,PT-DESIGN_NORMALIZATION
119,tile_over_fraction_x4_y4_norm,inspection_tile_5x5,False,False,True,PT-DESIGN_NORMALIZATION
