shield_mode,surface_kind,direction_mode,surface_profile,env,profile_seed,tile_i,tile_j,cell_count,local_gu_mean,local_ra_mean_um,local_rz_mean_um,gu_pass_area_pct,ra_pass_area_pct,rz_pass_area_pct,scratch_pass_area_pct,all4_pass_area_pct,clearcoat_pass_area_pct,temperature_pass_area_pct
static_cap,sphere,same_xx,factory_prepolish,1,33000,0,0,400,77.68794254444897,0.018513437849215254,0.06279594776542147,100.0,100.0,100.0,100.0,100.0,100.0,100.0
static_cap,sphere,same_xx,factory_prepolish,1,33000,0,1,400,77.488748597507,0.01711095984609472,0.05804769173122995,100.0,100.0,100.0,100.0,100.0,100.0,100.0
static_cap,sphere,same_xx,factory_prepolish,1,33000,0,2,400,77.44446705827193,0.01337180957383537,0.04471788629305998,100.0,100.0,100.0,100.0,100.0,100.0,100.0
static_cap,sphere,same_xx,factory_prepolish,1,33000,0,3,400,77.46728151947661,0.01750947997696629,0.05919514044298326,100.0,100.0,100.0,100.0,100.0,100.0,100.0
static_cap,sphere,same_xx,factory_prepolish,1,33000,0,4,400,77.56520262444046,0.0229065756022089,0.07797847103365839,100.0,100.0,100.0,100.0,100.0,100.0,100.0
static_cap,sphere,same_xx,factory_prepolish,1,33000,1,0,400,77.56903013311087,0.018045827655555628,0.0607841877533509,100.0,100.0,100.0,100.0,100.0,100.0,100.0
static_cap,sphere,same_xx,factory_prepolish,1,33000,1,1,400,77.31365907492426,0.016874161273869516,0.05735263204770181,100.0,100.0,100.0,100.0,100.0,100.0,100.0
static_cap,sphere,same_xx,factory_prepolish,1,33000,1,2,400,75.28965127881968,0.02017879470001137,0.06809244465903498,88.5,100.0,100.0,100.0,88.5,100.0,100.0
static_cap,sphere,same_xx,factory_prepolish,1,33000,1,3,400,74.42176928549095,0.02160882542289179,0.07221036636442349,84.0,100.0,100.0,100.0,84.0,100.0,100.0
static_cap,sphere,same_xx,factory_prepolish,1,33000,1,4,400,77.53512675229214,0.015979944119730246,0.05480068795826348,100.0,100.0,100.0,100.0,100.0,100.0,100.0
static_cap,sphere,same_xx,factory_prepolish,1,33000,2,0,400,77.51969064769406,0.017734379531977283,0.060716711398526184,100.0,100.0,100.0,100.0,100.0,100.0,100.0
static_cap,sphere,same_xx,factory_prepolish,1,33000,2,1,400,77.41221134722036,0.016356881915206345,0.05558452912408802,100.0,100.0,100.0,100.0,100.0,100.0,100.0
static_cap,sphere,same_xx,factory_prepolish,1,33000,2,2,400,77.38226002903183,0.015190953468461584,0.051165889342127346,100.0,100.0,100.0,100.0,100.0,100.0,100.0
static_cap,sphere,same_xx,factory_prepolish,1,33000,2,3,400,77.40919727834518,0.01463486270421502,0.049958913595562524,100.0,100.0,100.0,100.0,100.0,100.0,100.0
static_cap,sphere,same_xx,factory_prepolish,1,33000,2,4,400,77.56679621975105,0.018305155916480992,0.06190822245410784,100.0,100.0,100.0,100.0,100.0,100.0,100.0
static_cap,sphere,same_xx,factory_prepolish,1,33000,3,0,400,77.52597442796132,0.017515893760402645,0.06010940386523563,100.0,100.0,100.0,100.0,100.0,100.0,100.0
static_cap,sphere,same_xx,factory_prepolish,1,33000,3,1,400,77.43131928071907,0.018866726740009682,0.06367891821682094,100.0,100.0,100.0,100.0,100.0,100.0,100.0
static_cap,sphere,same_xx,factory_prepolish,1,33000,3,2,400,77.46394555144205,0.017711160525889804,0.059529049413124396,100.0,100.0,100.0,100.0,100.0,100.0,100.0
static_cap,sphere,same_xx,factory_prepolish,1,33000,3,3,400,77.43991089860756,0.019754482828982588,0.0666568174265108,100.0,100.0,100.0,100.0,100.0,100.0,100.0
static_cap,sphere,same_xx,factory_prepolish,1,33000,3,4,400,77.60386029034449,0.01896312802835888,0.0640783356729729,100.0,100.0,100.0,100.0,100.0,100.0,100.0
static_cap,sphere,same_xx,factory_prepolish,1,33000,4,0,400,77.63633691519011,0.018541920927251612,0.06310156124890183,100.0,100.0,100.0,100.0,100.0,100.0,100.0
static_cap,sphere,same_xx,factory_prepolish,1,33000,4,1,400,77.63731756130582,0.016047768156059416,0.05342565415442448,100.0,100.0,100.0,100.0,100.0,100.0,100.0
static_cap,sphere,same_xx,factory_prepolish,1,33000,4,2,400,77.60617230406639,0.018449490672256923,0.062777765268794,100.0,100.0,100.0,100.0,100.0,100.0,100.0
static_cap,sphere,same_xx,factory_prepolish,1,33000,4,3,400,77.56044007745388,0.019513812559628953,0.0660653025282304,100.0,100.0,100.0,100.0,100.0,100.0,100.0
static_cap,sphere,same_xx,factory_prepolish,1,33000,4,4,400,77.6114059829065,0.020394986386846434,0.07051780846939674,100.0,100.0,100.0,100.0,100.0,100.0,100.0
static_cap,sphere,same_xx,factory_prepolish_deep_defect,2,33000,0,0,400,73.20448177572716,0.04056170690534532,0.1352194299683499,84.5,95.25,100.0,100.0,84.5,100.0,100.0
static_cap,sphere,same_xx,factory_prepolish_deep_defect,2,33000,0,1,400,77.49186386831283,0.017166653715153583,0.05823095806682046,100.0,100.0,100.0,100.0,100.0,100.0,100.0
static_cap,sphere,same_xx,factory_prepolish_deep_defect,2,33000,0,2,400,77.4455231470538,0.013402119274207066,0.04481896430351846,100.0,100.0,100.0,100.0,100.0,100.0,100.0
static_cap,sphere,same_xx,factory_prepolish_deep_defect,2,33000,0,3,400,77.46732254430336,0.017512033915180115,0.05920821550670524,100.0,100.0,100.0,100.0,100.0,100.0,100.0
static_cap,sphere,same_xx,factory_prepolish_deep_defect,2,33000,0,4,400,77.5652174171033,0.022903912965811637,0.0779734644690019,100.0,100.0,100.0,100.0,100.0,100.0,100.0
static_cap,sphere,same_xx,factory_prepolish_deep_defect,2,33000,1,0,400,77.56607721843952,0.01793501044658989,0.06039616914842402,100.0,100.0,100.0,100.0,100.0,100.0,100.0
static_cap,sphere,same_xx,factory_prepolish_deep_defect,2,33000,1,1,400,77.31556942252504,0.01687702573225594,0.057352680741877646,100.0,100.0,100.0,100.0,100.0,100.0,100.0
static_cap,sphere,same_xx,factory_prepolish_deep_defect,2,33000,1,2,400,75.28898031665847,0.02019120949145662,0.06813021212766607,88.5,100.0,100.0,100.0,88.5,100.0,100.0
static_cap,sphere,same_xx,factory_prepolish_deep_defect,2,33000,1,3,400,74.42084050244547,0.021618389305341112,0.07224640424906074,84.0,100.0,100.0,100.0,84.0,100.0,100.0
static_cap,sphere,same_xx,factory_prepolish_deep_defect,2,33000,1,4,400,77.53531165145611,0.015980394773782988,0.05479974334539427,100.0,100.0,100.0,100.0,100.0,100.0,100.0
static_cap,sphere,same_xx,factory_prepolish_deep_defect,2,33000,2,0,400,77.52206594983116,0.017755441599048075,0.060785829972129495,100.0,100.0,100.0,100.0,100.0,100.0,100.0
static_cap,sphere,same_xx,factory_prepolish_deep_defect,2,33000,2,1,400,77.41356589729712,0.01638367161040423,0.05567873520530476,100.0,100.0,100.0,100.0,100.0,100.0,100.0
static_cap,sphere,same_xx,factory_prepolish_deep_defect,2,33000,2,2,400,77.38343105914304,0.01521316467390948,0.05124587045106873,100.0,100.0,100.0,100.0,100.0,100.0,100.0
static_cap,sphere,same_xx,factory_prepolish_deep_defect,2,33000,2,3,400,77.40970323079573,0.014647142342841972,0.04999706410702505,100.0,100.0,100.0,100.0,100.0,100.0,100.0
static_cap,sphere,same_xx,factory_prepolish_deep_defect,2,33000,2,4,400,77.56684449072907,0.01830250134331061,0.06190165753252269,100.0,100.0,100.0,100.0,100.0,100.0,100.0
static_cap,sphere,same_xx,factory_prepolish_deep_defect,2,33000,3,0,400,77.52654674634155,0.01752705791051433,0.0601432166082062,100.0,100.0,100.0,100.0,100.0,100.0,100.0
static_cap,sphere,same_xx,factory_prepolish_deep_defect,2,33000,3,1,400,77.4315958108343,0.018873382566349323,0.06370662434533467,100.0,100.0,100.0,100.0,100.0,100.0,100.0
static_cap,sphere,same_xx,factory_prepolish_deep_defect,2,33000,3,2,400,77.46402723677376,0.01771530605602531,0.05953958259730475,100.0,100.0,100.0,100.0,100.0,100.0,100.0
static_cap,sphere,same_xx,factory_prepolish_deep_defect,2,33000,3,3,400,77.43982813467345,0.019748852293599083,0.06664535258421261,100.0,100.0,100.0,100.0,100.0,100.0,100.0
static_cap,sphere,same_xx,factory_prepolish_deep_defect,2,33000,3,4,400,77.60378373067483,0.018960936312404534,0.0640682179550334,100.0,100.0,100.0,100.0,100.0,100.0,100.0
static_cap,sphere,same_xx,factory_prepolish_deep_defect,2,33000,4,0,400,77.6362744834562,0.018538177157518446,0.06308967584520991,100.0,100.0,100.0,100.0,100.0,100.0,100.0
static_cap,sphere,same_xx,factory_prepolish_deep_defect,2,33000,4,1,400,77.6371864389494,0.01604126544132675,0.053401998947849035,100.0,100.0,100.0,100.0,100.0,100.0,100.0
static_cap,sphere,same_xx,factory_prepolish_deep_defect,2,33000,4,2,400,77.60616769718291,0.018449546718607518,0.06278115730383138,100.0,100.0,100.0,100.0,100.0,100.0,100.0
static_cap,sphere,same_xx,factory_prepolish_deep_defect,2,33000,4,3,400,77.5603705785455,0.019515243776025242,0.06606348722267963,100.0,100.0,100.0,100.0,100.0,100.0,100.0
static_cap,sphere,same_xx,factory_prepolish_deep_defect,2,33000,4,4,400,77.61128977778026,0.020389376039632222,0.07049509445461649,100.0,100.0,100.0,100.0,100.0,100.0,100.0
static_cap,sphere,same_xx,factory_prepolish_deep_stress,3,33000,0,0,400,72.12472551516711,0.05407764751588931,0.1795691200731291,83.0,89.25,100.0,100.0,83.0,100.0,100.0
static_cap,sphere,same_xx,factory_prepolish_deep_stress,3,33000,0,1,400,77.49700395876616,0.01730158744098279,0.058676528161269684,100.0,100.0,100.0,100.0,100.0,100.0,100.0
static_cap,sphere,same_xx,factory_prepolish_deep_stress,3,33000,0,2,400,77.44640879215427,0.013429867531446477,0.04491457201011304,100.0,100.0,100.0,100.0,100.0,100.0,100.0
static_cap,sphere,same_xx,factory_prepolish_deep_stress,3,33000,0,3,400,77.46724109703509,0.01751111317829198,0.059203805268198906,100.0,100.0,100.0,100.0,100.0,100.0,100.0
static_cap,sphere,same_xx,factory_prepolish_deep_stress,3,33000,0,4,400,77.56525506173548,0.022902699220432615,0.0779676655453924,100.0,100.0,100.0,100.0,100.0,100.0,100.0
static_cap,sphere,same_xx,factory_prepolish_deep_stress,3,33000,1,0,400,77.57461887789141,0.018143993853924623,0.06108863042642849,100.0,100.0,100.0,100.0,100.0,100.0,100.0
static_cap,sphere,same_xx,factory_prepolish_deep_stress,3,33000,1,1,400,77.31801694342703,0.016931122782536508,0.057525640093767344,100.0,100.0,100.0,100.0,100.0,100.0,100.0
static_cap,sphere,same_xx,factory_prepolish_deep_stress,3,33000,1,2,400,75.29101650016136,0.02018261856146121,0.06809941750016799,88.5,100.0,100.0,100.0,88.5,100.0,100.0
static_cap,sphere,same_xx,factory_prepolish_deep_stress,3,33000,1,3,400,74.42606614336522,0.021581946027726184,0.07212471214549313,84.0,100.0,100.0,100.0,84.0,100.0,100.0
static_cap,sphere,same_xx,factory_prepolish_deep_stress,3,33000,1,4,400,77.5342810777619,0.01596779783708021,0.05476446744529495,100.0,100.0,100.0,100.0,100.0,100.0,100.0
static_cap,sphere,same_xx,factory_prepolish_deep_stress,3,33000,2,0,400,77.52368497788167,0.017786736143325984,0.060893913412961936,100.0,100.0,100.0,100.0,100.0,100.0,100.0
static_cap,sphere,same_xx,factory_prepolish_deep_stress,3,33000,2,1,400,77.41379779481932,0.0163908591936508,0.05570165090110619,100.0,100.0,100.0,100.0,100.0,100.0,100.0
static_cap,sphere,same_xx,factory_prepolish_deep_stress,3,33000,2,2,400,77.38263862393615,0.015200842476371735,0.051205508257146315,100.0,100.0,100.0,100.0,100.0,100.0,100.0
static_cap,sphere,same_xx,factory_prepolish_deep_stress,3,33000,2,3,400,77.40808484184012,0.014608365868345645,0.04987057319863968,100.0,100.0,100.0,100.0,100.0,100.0,100.0
static_cap,sphere,same_xx,factory_prepolish_deep_stress,3,33000,2,4,400,77.56576128682732,0.01829115903795528,0.061864593331350595,100.0,100.0,100.0,100.0,100.0,100.0,100.0
static_cap,sphere,same_xx,factory_prepolish_deep_stress,3,33000,3,0,400,77.52651575909002,0.01752604936425799,0.06014035703910176,100.0,100.0,100.0,100.0,100.0,100.0,100.0
static_cap,sphere,same_xx,factory_prepolish_deep_stress,3,33000,3,1,400,77.43160080555351,0.01887583684661523,0.06370924003140965,100.0,100.0,100.0,100.0,100.0,100.0,100.0
static_cap,sphere,same_xx,factory_prepolish_deep_stress,3,33000,3,2,400,77.46406311044976,0.01771527192477718,0.05953983474806632,100.0,100.0,100.0,100.0,100.0,100.0,100.0
static_cap,sphere,same_xx,factory_prepolish_deep_stress,3,33000,3,3,400,77.43956613799968,0.019751415583059297,0.06664486702917596,100.0,100.0,100.0,100.0,100.0,100.0,100.0
static_cap,sphere,same_xx,factory_prepolish_deep_stress,3,33000,3,4,400,77.60367687488447,0.01895921701699945,0.06406446181395227,100.0,100.0,100.0,100.0,100.0,100.0,100.0
static_cap,sphere,same_xx,factory_prepolish_deep_stress,3,33000,4,0,400,77.63616447144139,0.018536018550187286,0.06307811092369082,100.0,100.0,100.0,100.0,100.0,100.0,100.0
static_cap,sphere,same_xx,factory_prepolish_deep_stress,3,33000,4,1,400,77.63712291562621,0.016040258147639586,0.053400633192118435,100.0,100.0,100.0,100.0,100.0,100.0,100.0
static_cap,sphere,same_xx,factory_prepolish_deep_stress,3,33000,4,2,400,77.60619471812736,0.01844970357801917,0.06277947486266931,100.0,100.0,100.0,100.0,100.0,100.0,100.0
static_cap,sphere,same_xx,factory_prepolish_deep_stress,3,33000,4,3,400,77.5604504668106,0.019516346982084338,0.06606842148681638,100.0,100.0,100.0,100.0,100.0,100.0,100.0
static_cap,sphere,same_xx,factory_prepolish_deep_stress,3,33000,4,4,400,77.61131120377223,0.020389392198766388,0.07050074892933497,100.0,100.0,100.0,100.0,100.0,100.0,100.0
static_cap,sphere,same_xx,legacy_stress,0,33000,0,0,400,77.70857516896858,0.013413662420108847,0.04557798877789449,100.0,100.0,100.0,100.0,100.0,100.0,100.0
static_cap,sphere,same_xx,legacy_stress,0,33000,0,1,400,77.51562608971122,0.013286653612629288,0.04525050850584471,100.0,100.0,100.0,100.0,100.0,100.0,100.0
static_cap,sphere,same_xx,legacy_stress,0,33000,0,2,400,75.249874675633,0.02354087992786063,0.07815717878191238,89.5,99.25,100.0,100.0,89.5,100.0,100.0
static_cap,sphere,same_xx,legacy_stress,0,33000,0,3,400,59.99600556001089,0.13325290974121212,0.4402058775740958,42.5,69.25,100.0,100.0,42.5,100.0,100.0
static_cap,sphere,same_xx,legacy_stress,0,33000,0,4,400,76.85081832898875,0.021217689438561834,0.0714336416125774,97.0,99.0,100.0,100.0,97.0,100.0,100.0
static_cap,sphere,same_xx,legacy_stress,0,33000,1,0,400,77.49599026499209,0.0154987028351226,0.05216030368258693,100.0,100.0,100.0,100.0,100.0,100.0,100.0
static_cap,sphere,same_xx,legacy_stress,0,33000,1,1,400,77.52104479205204,0.009699330781915247,0.03281230405087419,100.0,100.0,100.0,100.0,100.0,100.0,100.0
static_cap,sphere,same_xx,legacy_stress,0,33000,1,2,400,77.36785384774902,0.011205660864824612,0.03814788953312567,100.0,100.0,100.0,100.0,100.0,100.0,100.0
static_cap,sphere,same_xx,legacy_stress,0,33000,1,3,400,72.99349047759269,0.04306648005156435,0.14430556423633525,85.75,91.0,100.0,100.0,85.75,100.0,100.0
static_cap,sphere,same_xx,legacy_stress,0,33000,1,4,400,71.74274632167617,0.0545639202098869,0.1834234342403893,81.75,88.0,100.0,100.0,81.75,100.0,100.0
static_cap,sphere,same_xx,legacy_stress,0,33000,2,0,400,77.58912489366148,0.011364923233273644,0.03800496600113088,100.0,100.0,100.0,100.0,100.0,100.0,100.0
static_cap,sphere,same_xx,legacy_stress,0,33000,2,1,400,77.50078349225706,0.010376895335395047,0.03525644616597659,100.0,100.0,100.0,100.0,100.0,100.0,100.0
static_cap,sphere,same_xx,legacy_stress,0,33000,2,2,400,77.4991161468796,0.009743613892470616,0.03257687129191239,100.0,100.0,100.0,100.0,100.0,100.0,100.0
static_cap,sphere,same_xx,legacy_stress,0,33000,2,3,400,75.38586546976255,0.014338642926415218,0.048997677341199725,84.0,100.0,100.0,100.0,84.0,100.0,100.0
static_cap,sphere,same_xx,legacy_stress,0,33000,2,4,400,76.64409142772111,0.013209826852326583,0.0450248496219491,97.0,100.0,100.0,100.0,97.0,100.0,100.0
static_cap,sphere,same_xx,legacy_stress,0,33000,3,0,400,73.89432327789098,0.032620607589015124,0.11342230215252945,89.0,94.5,100.0,99.5,89.0,100.0,100.0
static_cap,sphere,same_xx,legacy_stress,0,33000,3,1,400,77.52561232944535,0.008035406633292204,0.027338654259900574,99.25,100.0,100.0,100.0,99.25,100.0,100.0
static_cap,sphere,same_xx,legacy_stress,0,33000,3,2,400,73.81345299240614,0.024701446476629783,0.08353672204136511,81.75,99.5,100.0,100.0,81.75,100.0,100.0
static_cap,sphere,same_xx,legacy_stress,0,33000,3,3,400,66.75695419610678,0.06116331186532928,0.20291972759220592,46.0,93.75,100.0,100.0,46.0,100.0,100.0
static_cap,sphere,same_xx,legacy_stress,0,33000,3,4,400,68.48314123006972,0.05944919720922138,0.19387869997957793,64.75,93.0,100.0,100.0,64.75,100.0,100.0
static_cap,sphere,same_xx,legacy_stress,0,33000,4,0,400,66.21992933035239,0.08337228348856085,0.27046032998165054,59.75,85.5,100.0,100.0,59.75,100.0,100.0
static_cap,sphere,same_xx,legacy_stress,0,33000,4,1,400,64.1625621101349,0.10207253771439145,0.3295332641456028,53.25,80.0,100.0,99.75,53.25,100.0,100.0
static_cap,sphere,same_xx,legacy_stress,0,33000,4,2,400,74.26469557958674,0.027992543418347414,0.09479621633850326,84.25,99.5,100.0,100.0,84.25,100.0,100.0
static_cap,sphere,same_xx,legacy_stress,0,33000,4,3,400,74.95339912348454,0.02024926361711066,0.06745144711053419,77.5,100.0,100.0,100.0,77.5,100.0,100.0
static_cap,sphere,same_xx,legacy_stress,0,33000,4,4,400,77.4877755018442,0.013663693677380623,0.046218654488971944,100.0,100.0,100.0,100.0,100.0,100.0,100.0
