surface_profile,direction_mode,env,profile_seed,split,outcome,passes,quality_ok,safety_ok,included_in_bc,contact_steps,sensor_fault_steps,gu_final,ra_final_um,rz_final_um,scratch_final_um,clearcoat_min_um
factory_prepolish,same_xx,12,4008,train,success,1,True,True,True,2566,0,77.29721103605216,0.07797415888191922,0.6573186684196091,0.0,43.828674126909114
factory_prepolish,same_xx,22,4978,train,success,1,True,True,True,2566,0,76.914753583064,0.08302152426129743,0.683317534650758,0.0,42.64185054648588
factory_prepolish,same_xx,25,5269,train,success,1,True,True,True,2566,0,76.86101574499709,0.08819452394270817,0.7434065520111584,0.0,42.30159432767552
factory_prepolish,same_xx,27,5463,validation,success,1,True,True,True,2566,0,77.07242767262751,0.08258833153235341,0.6675946760203206,0.0,44.22834548664439
factory_prepolish,same_xx,37,6433,train,success,1,True,True,True,2566,0,74.57487102644367,0.08924702080476572,0.7512259391150438,0.14935771099438305,43.416780658713925
factory_prepolish,same_xx,0,2844,train,success,1,True,True,True,2567,0,77.25486054160334,0.08023547744162488,0.7059079228679366,0.0,43.016677014850316
factory_prepolish,same_xx,1,2941,train,success,1,True,True,True,2567,0,75.07324717232484,0.09004905960419778,0.780981365416656,0.22242935017644525,44.3254926237224
factory_prepolish,same_xx,7,3523,train,success,1,True,True,True,2567,0,77.16902478556908,0.08295362074752002,0.6583300833686637,0.0,42.27315187152928
factory_prepolish,same_xx,8,3620,train,success,1,True,True,True,2567,0,76.39534439379965,0.0874181075243636,0.6956023886991589,0.14433043414822233,40.4327297378842
factory_prepolish,same_xx,9,3717,train,success,1,True,True,True,2567,0,76.53029135590046,0.09049770204712138,0.7825637553190229,0.0,41.48527626602421
factory_prepolish,same_xx,10,3814,test,success,1,True,True,True,2567,0,77.13831472476096,0.0825191036083362,0.6685388111216595,0.0,42.59524455462432
factory_prepolish,same_xx,13,4105,train,success,1,True,True,True,2567,0,76.36221779939935,0.0904678850120632,0.7447660112166388,0.0,42.31484741260168
factory_prepolish,same_xx,17,4493,validation,success,1,True,True,True,2567,0,77.17378023271647,0.08332888049411401,0.6844638171344557,0.0,41.307910472484835
factory_prepolish,same_xx,18,4590,train,success,1,True,True,True,2567,0,72.0488188425807,0.0830216549717976,0.6999955728679119,0.30576845746627124,40.9482157725711
factory_prepolish,same_xx,19,4687,test,success,1,True,True,True,2567,0,76.6087203528056,0.08661349286164796,0.7293309266337287,0.0,43.20527980294689
factory_prepolish,same_xx,20,4784,train,success,1,True,True,True,2567,0,74.77448809745194,0.08876376743618856,0.7836637114141429,0.17767604626605027,41.904456218114916
factory_prepolish,same_xx,23,5075,validation,success,1,True,True,True,2567,0,76.59106737866996,0.08984775064742807,0.7295236508986394,0.0,42.232212974354994
factory_prepolish,same_xx,28,5560,train,success,1,True,True,True,2567,0,75.23664819779722,0.08202993209939136,0.6564430820370335,0.18246509897424118,43.85192309769123
factory_prepolish,same_xx,29,5657,train,success,1,True,True,True,2567,0,76.78957160657497,0.08684731546832469,0.7048069953966545,0.0,42.074572291442166
factory_prepolish,same_xx,31,5851,train,success,1,True,True,True,2567,0,77.09774999822021,0.08318577680176008,0.707433394191877,0.0,41.27307322093313
factory_prepolish,same_xx,15,4299,train,success,1,True,True,True,2568,0,76.69867847428374,0.08243070925735785,0.7147037419733875,0.0,41.247585848016456
factory_prepolish,same_xx,21,4881,train,success,1,True,True,True,2568,0,74.37285356727465,0.08466976458309741,0.7616696109260535,0.29464495598286977,42.380078299577235
factory_prepolish,same_xx,30,5754,train,success,1,True,True,True,2568,0,77.24695715921337,0.08430320756091594,0.676088489520805,0.0,40.98183170650194
factory_prepolish,same_xx,6,3426,validation,success,1,True,True,True,2569,0,75.17931113909519,0.083803340635984,0.7384012404127834,0.36529352965464945,43.58178151694963
factory_prepolish,same_xx,24,5172,train,success,1,True,True,True,2569,0,73.25683620086458,0.09480696462367791,0.8580202643395549,0.36587463766094347,42.473142468946
factory_prepolish,same_xx,33,6045,train,success,1,True,True,True,2574,0,72.7230934328925,0.08448143365761751,0.7677873071735253,0.32455187768341576,41.01767747014635
factory_prepolish,same_xx,11,3911,train,success,1,True,True,True,2583,0,75.87794825819317,0.08289250336801354,0.7144583517440907,0.3251406355315054,43.1566155648453
factory_prepolish,same_xx,32,5948,train,success,1,True,True,True,2655,0,74.74074160560014,0.08656705605196088,0.7574150024318353,0.4055248773937429,40.734607228674534
factory_prepolish,same_xx,36,6336,train,success,1,True,True,True,2743,0,75.9680224601626,0.07995107926169018,0.6976631164451741,0.3886708465070176,42.770827180746466
factory_prepolish,same_xx,2,3038,train,success,1,True,True,True,2800,0,73.6612857463986,0.0956590403188139,0.8596048577758237,0.44178255700352875,42.55133880825257
factory_prepolish,same_xx,3,3135,validation,success,1,True,True,True,2821,0,73.96676117136549,0.08785411131533981,0.7959844720398117,0.3299390754291395,41.590319304359504
factory_prepolish,same_xx,14,4202,test,success,1,True,True,True,2847,0,75.4248523024948,0.10579683090531014,0.8415934349069629,0.31134154278274634,42.081923988003524
factory_prepolish,same_xx,4,3232,train,success,1,True,True,True,2848,0,73.2175876914723,0.10151304853465927,0.8473563237670237,0.2970619459625903,41.92410394563149
factory_prepolish,same_xx,5,3329,test,success,1,True,True,True,2916,0,73.75531455680937,0.08513357621075122,0.8895546686378335,0.44250378210023156,42.06272755900789
factory_prepolish,same_xx,16,4396,train,success,1,True,True,True,2988,0,72.41808323671984,0.09002091658934763,0.8487772971287331,0.539314821750999,42.38577486884037
factory_prepolish,same_xx,26,5366,train,success,1,True,True,True,3006,0,75.0786179228983,0.10541671117532614,1.0019171624793777,0.3509948609672854,44.81105681245969
factory_prepolish,same_xx,34,6142,test,success,1,True,True,True,3105,0,74.9714428206217,0.10222603041824317,0.9048905280375111,0.3589495595702263,43.0185073827816
factory_prepolish,same_xx,35,6239,train,success,1,True,True,True,3248,0,71.43370733627852,0.12351532494884976,1.15504751929846,0.5037375353351323,44.639273903814704
